RAJ2000,DEJ2000,spectral type,Assigned Subtype,Assigned LC,Vmag (Adopted),Vmag_err (Adopted),B-V (Adopted),B-V_err (Adopted),Source for adopted values,(B-V)0,(B-V)0_err,Teff,Teff_err,BC_V,BC_V_err,E(B-V),E(B-V)_err_plus,E(B-V)_err_minus,E(B-V)_err,A_V,A_V_err_plus,A_V_err_minus,A_V_err,M_V,M_V_err_plus,M_V_err_minus,M_V_err,M_bol,M_bol_err_plus,M_bol_err_minus,M_bol_err,logL_Lsun,logL_Lsun_err_plus,logL_Lsun_err_minus,logL_Lsun_err,L_Lsun,L_Lsun_err_plus,L_Lsun_err_minus,L_Lsun_err,logqHI_cm2_s,logqHI_cm2_s_err,qHI_cm2_s,qHI_cm2_s_err,QHI_s,QHI_s_err,logQHI,logQHI_err
00 27 46.56,-73 16 45.8,O9.5:,9.5,V,15.491,0.032,-0.17,0.2421239352,Zaristky,-0.28,0,32088.75162,1541.666128,-3.168666667,0.3463767911,0.108277894,0.2434794184,0.108277894,0.1758786562,0.2943354742,0.6684255155,0.2943354742,0.4813804949,-3.782141997,0.3019700898,0.6765026632,0.4892363765,-7.02204289,0.4938601353,0.6838767316,0.5888684334,4.704817156,0.2735506927,0.1975440541,0.2355473734,50677.73035,44463.29991,18520.90967,31492.10479,23.58,0.16,3.80E+23,1.40E+23,1.23E+48,8.38E+47,48.08876606,0.2967292483
00 36 58.24,-73 23 33.2,O7 Ib(f) + early B,7,I,15.108,0.029,-0.154,0.03466987165,Zaritsky,-0.26,0,35254.6794,1214.280582,-3.3598,0.1053795013,0.1051785209,0.03438302439,0.0335479395,0.03396548194,0.2887013185,0.09248842803,0.09391155516,0.09319999159,-4.157697462,0.1008445186,0.1006268359,0.1007356773,-7.517931068,0.1495124398,0.145902986,0.1477077129,4.903172427,0.0583611944,0.05980497594,0.05908308517,80015.18749,11508.52362,10293.57041,10901.04702,23.95,0.15,8.91E+23,3.08E+23,3.12E+48,1.23E+48,48.49366554,0.1719618985
00 42 09.92,-73 13 56.8,O8.5 V,8.5,V,14.6185,0.0287923601,-0.1675,0.03064718584,Average,-0.28,0,35032.50972,2017.960626,-3.367866667,0.3643518816,0.1118704538,0.0301180112,0.03029216518,0.03020508819,0.3042533124,0.08593893227,0.08079468423,0.08336680825,-4.665649249,0.09371145965,0.09185663907,0.09278404936,-8.038956036,0.3915858809,0.3762066977,0.3838962893,5.111582414,0.1504826791,0.1566343524,0.1535585157,129295.2039,53542.22033,39148.87131,46345.54582,23.82,0.16,6.61E+23,2.43E+23,3.83E+48,2.14E+48,48.5830576,0.2432969075
00 43 36.69,-73 02 26.7,O3-4,3.5,V,14.37,0.02,0.29,0.02,Massey,-0.3,0,49751.30022,4399.433114,-4.363866667,0.4542273341,0.590369829,0.02025805852,0.02023909247,0.0202485755,1.615908853,0.09651990838,0.09261123045,0.09456556941,-6.22137194,0.0971896507,0.1047815335,0.1009855921,-10.59473269,0.4722729993,0.4692617193,0.4707673593,6.133893076,0.1877046877,0.1889091997,0.1883069437,1361109.559,735887.2208,480093.3778,607990.2993,25.02,0.16,1.05E+25,3.86E+24,1.57E+50,1.05E+50,50.19603553,0.2909594389
00 43 49.86,-73 09 02.8,O9.5 I,9.5,I,13.488,0.007071067812,-0.141,0.008660254038,Average,-0.24,0,28966.2319,918.6256374,-2.8098,0.07785208839,0.09920785608,0.008472194033,0.008646839887,0.00855951696,0.2713339335,0.02713582946,0.02599920258,0.02656751602,-5.760462099,0.04292187577,0.0434180442,0.04316995998,-8.5702733,0.08699194915,0.08626574866,0.0866288489,5.32410932,0.03450629947,0.03479677966,0.03465153956,210915.8999,17441.77892,16239.84331,16840.81112,23.35,0.15,2.24E+23,7.73E+22,4.53E+48,1.70E+48,48.6559015,0.1635111315
00 44 57.04,-73 59 13.4,O9.5 Ib-II,9.5,I,13.8155,0.0250049995,-0.1795,0.0364348734,Average,-0.24,0,28966.2319,918.6256374,-2.8098,0.07785208839,0.0605943183,0.03566721094,0.03652260629,0.03609490862,0.1654851818,0.09855555265,0.09919447591,0.09887501428,-5.325936581,0.1031918784,0.1075598818,0.1053758801,-8.135769919,0.1285026427,0.1337121194,0.1311073811,5.150307968,0.05348484778,0.05140105708,0.05244295243,141353.9561,18525.55647,15777.87936,17151.71791,23.35,0.15,2.24E+23,7.73E+22,3.03E+48,1.18E+48,48.48210015,0.1681827107
00 44 57.12,-73 00 47.0,O6 V,6,V,14.417,0.01720465053,-0.0905,0.01918984106,Average,-0.3,0,42391.90497,3208.69687,-3.865866667,0.4092896079,0.2096763527,0.0192417995,0.0183677436,0.01880477155,0.5744692593,0.06057585381,0.0581165846,0.0593462192,-5.133407731,0.06691067834,0.07253796372,0.06972432103,-8.997577426,0.4143767087,0.427985575,0.4211811418,5.49503097,0.17119423,0.1657506835,0.1684724567,312630.2305,151057.0706,99188.03059,125122.5506,24.42,0.16,2.63E+24,9.69E+23,1.72E+49,1.06E+49,49.23525943,0.2669688682
00 45 14.52,-73 35 58.4,O8.5 V,8.5,V,15.1505,0.05364000373,-0.2235,0.05543690107,Average,-0.28,0,35032.50972,2017.960626,-3.367866667,0.3643518816,0.05829906013,0.05309856646,0.05536021859,0.05422939253,0.1589847041,0.1471486635,0.1510038324,0.1490762479,-3.98799961,0.1436325755,0.162133145,0.1528828603,-7.359943761,0.3760034988,0.3930391168,0.3845213078,4.839977505,0.1572156467,0.1504013995,0.1538085231,69179.51388,30176.26935,20249.41361,25212.84148,23.82,0.16,6.61E+23,2.43E+23,2.05E+48,1.15E+48,48.31145269,0.2434547786
00 45 18.20,-73 15 23.0,O9.2 IV:,9.2,IV,13.31,0.01,0.05,0.01,Massey,-0.26,0,31517.44898,1327.812472,-3.12586,0.08736448856,0.3098603173,0.009980012284,0.01006405665,0.01002203447,0.8500320446,0.04709838641,0.05067890895,0.04888864768,-6.516699612,0.06071866215,0.05856990969,0.05964428592,-9.642223499,0.1059718437,0.106697264,0.1063345539,5.752889399,0.0426789056,0.04238873748,0.04253382154,566095.1049,58456.46653,52642.14389,55549.30521,23.482,0.14,3.03E+23,9.78E+22,1.18E+49,4.43E+48,49.07004536,0.1636012388
00 45 25.82,-73 23 00.7,O8: V,8,V,15.08,0.04,-0.09,0.04,Massey,-0.28,0,36504.38877,2256.107874,-3.467466667,0.3733394268,0.1905261207,0.04080855734,0.04009580774,0.04045218254,0.5224685699,0.1156412947,0.1150881399,0.1153647173,-4.421359479,0.122541582,0.1245098567,0.1235257194,-7.898905384,0.4014240068,0.3871373834,0.3942806951,5.055562153,0.1548549534,0.1605696027,0.157712278,113648.0934,48688.75467,35125.87662,41907.31565,23.94,0.16,8.71E+23,3.21E+23,3.76E+48,2.16E+48,48.57554202,0.2489984183
00 45 30.72,-73 03 29.6,O9 V,9,V,15.128,0.027,-0.012,0.035,Weighted Av (BV ~2.88σ tension; V consistent),-0.28,0,33560.63067,1779.813377,-3.268266667,0.3553643363,0.2676813234,0.03603134448,0.03407110567,0.03505122507,0.7334468125,0.1024716017,0.1017776301,0.1021246159,-4.581681191,0.1070441625,0.114069557,0.1105568598,-7.860244933,0.3663376823,0.367376641,0.3668571617,5.040097973,0.1469506564,0.1465350729,0.1467428647,109672.558,44160.13166,31408.40236,37784.26701,23.7,0.16,5.01E+23,1.85E+23,2.93E+48,1.59E+48,48.46613771,0.2358408785
00 45 37.49,-73 12 36.2,O9,9,V,14.951,0.02229910312,-0.0635,0.02443869882,Average,-0.28,0,33560.63067,1779.813377,-3.268266667,0.3553643363,0.216667141,0.02379572437,0.0241077742,0.02395174929,0.592835776,0.07168691918,0.07221726354,0.07195209136,-4.620631997,0.08294738872,0.08256176214,0.08275457543,-7.875504496,0.355753134,0.366126038,0.360939586,5.046201799,0.1464504152,0.1423012536,0.1443758344,111224.8426,44605.56804,31075.39238,37840.48021,23.7,0.16,5.01E+23,1.85E+23,2.97E+48,1.60E+48,48.47224154,0.2343754108
00 45 40.16,-73 14 40.9,O6 Vnn,6,V,15.2545,0.025,0.001,0.02674415824,Average,-0.3,0,42391.90497,3208.69687,-3.865866667,0.4092896079,0.3006082255,0.02670329602,0.02629665359,0.02649997481,0.8233146387,0.08153640278,0.08200094494,0.08176867386,-4.545197911,0.09146086907,0.09429766428,0.09287926667,-8.416949855,0.4186152853,0.4017189233,0.4101671043,5.262779942,0.1606875693,0.1674461141,0.1640668417,183138.6223,81996.65901,58591.45975,70294.05938,24.42,0.16,2.63E+24,9.69E+23,1.01E+49,6.13E+48,49.0030084,0.2642107803
00 46 02.12,-73 06 27.3,O9,9,V,13.188,0.007071067812,-0.101,0.008660254038,Average,-0.28,0,33560.63067,1779.813377,-3.268266667,0.3553643363,0.1787653633,0.008721645413,0.0084599371,0.008590791256,0.4889565854,0.03477250851,0.03200532314,0.03338891582,-6.278845799,0.0461804003,0.04751870975,0.04684955503,-9.553780574,0.3496194344,0.3555677309,0.3525935827,5.71751223,0.1422270924,0.1398477738,0.1410374331,521809.7984,202191.4617,143659.4926,172925.4771,23.7,0.16,5.01E+23,1.85E+23,1.39E+49,7.45E+48,49.14355197,0.2323338313
00 46 10.66,-73 16 43.5,O9.7 IV:,9.7,IV,15.17,0.04,0.06,0.04,massey_only (V 16.25σ disagreement; BV 2.69σ tension),-0.26,0,30045.56993,1319.363527,-3.02626,0.07269834936,0.3205981617,0.03767953221,0.04133000174,0.03950476697,0.8749849921,0.1171339742,0.1186668856,0.1179004299,-4.681885997,0.1279064278,0.1296426122,0.12877452,-7.711054748,0.153135223,0.1485227443,0.1508289837,4.980421899,0.05940909771,0.06125408921,0.06033159346,95592.07725,14013.08203,12574.92915,13294.00559,23.362,0.14,2.30E+23,7.42E+22,1.82E+48,7.15E+47,48.26066031,0.170467042
00 46 20.00,-73 06 31.7,O9.5 III,9.5,III,15.2105,0.02385372088,-0.086,0.02586503431,Average,-0.26,0,30634.32155,1322.743105,-3.0661,0.07856480504,0.1738602128,0.02453421687,0.02529436979,0.02491429333,0.4739210939,0.07327208801,0.06895989292,0.07111599046,-4.241482651,0.08081932072,0.08396706852,0.08239319462,-7.30689667,0.1130499135,0.1134138321,0.1132318728,4.818758668,0.04536553284,0.04521996539,0.04529274911,65880.77022,7254.050494,6514.64517,6884.347832,23.41,0.14,2.57E+23,8.29E+22,1.30E+48,4.94E+47,48.11328579,0.1651597279
00 46 22.57,-73 23 17.5,O9.5-B0 III,9.7,III,14.53,0.02,0.24,0.03,massey_only (V 9.01σ disagreement; BV 3.62σ disagreement),-0.26,0,30045.56993,1319.363527,-3.02626,0.07269834936,0.4988373076,0.03118353334,0.02846311936,0.02982332635,1.367148361,0.106934732,0.09925578913,0.1030952606,-5.813833721,0.1085878212,0.1165499579,0.1125688896,-8.843506487,0.1290261807,0.1326364995,0.1308313401,5.433402595,0.05305459979,0.0516104723,0.05233253604,271270.5169,35248.33796,30395.29694,32821.81745,23.362,0.14,2.30E+23,7.42E+22,5.17E+48,2.00E+48,48.713641,0.1678028772
00 46 23.91,-73 12 52.4,O9.5 V,9.5,V,14.796,0.02381701073,-0.048,0.02919760264,Average,-0.28,0,32088.75162,1541.666128,-3.168666667,0.3463767911,0.2327902455,0.02862078729,0.02929707151,0.0289589294,0.6367959335,0.08561624414,0.08577623688,0.08569624051,-4.818992772,0.09535525413,0.09228300272,0.09381912842,-7.994081268,0.3576255175,0.3393403551,0.3484829363,5.093632507,0.135736142,0.143050207,0.1393931745,124060.2094,45517.45881,34815.53648,40166.49764,23.58,0.16,3.80E+23,1.40E+23,3.00E+48,1.58E+48,48.47758141,0.2280266185
00 46 32.62,-73 06 05.6,O3 V((fc))z+?,3,V,13.55,0.02,-0.166,0.02,Weighted Av (BV 1.60σ consistent; V 0.15σ consistent),-0.3,0,51223.17927,4637.580363,-4.463466667,0.4632148794,0.1340507013,0.01906634024,0.01954343724,0.01930488874,0.3658819628,0.05746092954,0.05449597709,0.05597845332,-5.795363616,0.06957443914,0.06596624262,0.06777034088,-10.257449,0.4539208266,0.4617161471,0.4578184869,5.9989796,0.1846864589,0.1815683306,0.1831273947,997653.2014,528738.7685,340886.2276,434812.4981,25.14,0.16,1.38E+25,5.09E+24,1.35E+50,9.01E+49,50.13047367,0.2896068949
00 46 34.85,-73 21 35.7,O9.5 IIIe,9.5,III,14.718,0.01984943324,0.0455,0.09265122773,Average,-0.26,0,30634.32155,1322.743105,-3.0661,0.07856480504,0.3077105599,0.08959012721,0.09419744139,0.0918937843,0.8451232803,0.2468256746,0.2583338663,0.2525797704,-5.102167411,0.2591799273,0.2486812387,0.253930583,-8.166531618,0.2719719305,0.2646557603,0.2683138454,5.162612647,0.1058623041,0.1087887722,0.1073255382,145416.1526,40139.82651,32222.03049,36180.9285,23.41,0.14,2.57E+23,8.29E+22,2.87E+48,1.26E+48,48.45713977,0.191690046
00 46 40.01,-73 31 17.7,O7-8 V,7.5,V,14.3035,0.05099019514,-0.155,0.07106511099,Average,-0.28,0,37976.26782,2494.255123,-3.567066667,0.3823269721,0.1222152309,0.07060411241,0.07022824001,0.07041617621,0.3330615834,0.194899152,0.1919603825,0.1934297673,-5.006867973,0.2040614296,0.2058383831,0.2049499064,-8.58249254,0.445658693,0.4247580456,0.4352083693,5.328997016,0.1699032182,0.1782634772,0.1740833477,213303.026,102124.987,71810.48728,86967.73713,24.06,0.16,1.15E+24,4.23E+23,7.95E+48,4.81E+48,48.90030808,0.2625320124
00 46 40.42,-73 21 53.3,O7.5 V:(n),7.5,V,15.4835,0.02358495283,-0.0935,0.02561737691,Average,-0.28,0,37976.26782,2494.255123,-3.567066667,0.3823269721,0.1870026884,0.02494516939,0.0257390619,0.02534211565,0.5114263593,0.07281908596,0.07433416557,0.07357662576,-4.004881215,0.08356961332,0.08410286077,0.08383623704,-7.567292955,0.393805588,0.3885111782,0.3911583831,4.922917182,0.1554044713,0.1575222352,0.1564633533,83736.96021,36025.76044,25473.67794,30749.71919,24.06,0.16,1.15E+24,4.23E+23,3.12E+48,1.80E+48,48.49422825,0.2511947979
00 46 42.16,-73 24 55.5,O6.5 III(f),6.5,III,13.148,0.007071067812,-0.191,0.008660254038,Average,-0.28,0,39465.59585,1373.436779,-3.6637,0.1665616402,0.08895858302,0.008756803513,0.008849943252,0.008803373382,0.2431322789,0.02759069973,0.02613939188,0.0268650458,-6.072097453,0.04165977713,0.04344159289,0.04255068501,-9.737554777,0.1756109149,0.167854275,0.1717325949,5.791021911,0.06714171,0.07024436594,0.06869303797,618047.5808,103331.6274,92299.68267,97815.65505,24.13,0.14,1.35E+24,4.35E+23,2.32E+49,8.94E+48,49.36550745,0.1672530287
00 46 43.90,-73 21 47.8,O9.7 V:,9.7,V,15.133,0.021,-0.018,0.024,Weighted Av (V 3.58σ; BV 2.26σ),-0.27,0,31500,1446.407228,-3.128826667,0.342781773,0.2517906848,0.02379135545,0.02271241787,0.02325188666,0.6879991234,0.07455868408,0.06803088985,0.07129478697,-4.533721078,0.07868889174,0.08223747959,0.08046318567,-7.666788029,0.362990649,0.3422988688,0.3526447589,4.962715212,0.1369195475,0.1451962596,0.1410579036,91773.05981,34013.65067,26080.08131,30046.86599,23.532,0.16,3.40E+23,1.25E+23,2.14E+48,1.12E+48,48.33083319,0.2277282106
00 46 56.13,-73 18 57.0,O8 Vn,8,V,14.4945,0.02280898946,-0.1565,0.02510975906,Average,-0.28,0,36504.38877,2256.107874,-3.467466667,0.3733394268,0.1229131277,0.02511345455,0.02519827477,0.02515586466,0.3355057979,0.07196237798,0.07013787748,0.07105012773,-4.820248796,0.08203901927,0.07910255568,0.08057078748,-8.27979093,0.382159165,0.3861490977,0.3841541313,5.207916372,0.1544596391,0.152863666,0.1536616525,161404.7746,68938.75164,47889.91721,58414.33442,23.94,0.16,8.71E+23,3.21E+23,5.34E+48,3.03E+48,48.72789624,0.2464527402
00 47 04.74,-73 07 57.5,O9.2 V,9.2,V,14.1595,0.05148057886,-0.1345,0.05244282601,Average,-0.28,0,32971.87905,1684.554477,-3.228426667,0.3517693182,0.1454455029,0.05372693323,0.0527420427,0.05323448796,0.3974663966,0.1468470723,0.1437213111,0.1452841917,-5.214828495,0.1533532475,0.1556083754,0.1544808115,-8.452711381,0.3897177817,0.3682701916,0.3789939867,5.277084552,0.1473080766,0.1558871127,0.1515975947,189271.2117,76429.44576,57081.56511,66755.50544,23.652,0.16,4.49E+23,1.65E+23,4.85E+48,2.65E+48,48.68586995,0.2376110706
00 47 17.42,-73 21 24.8,O8 V((f)),8,V,14.21,0.03304920574,-0.175,0.03499285641,Average,-0.28,0,36504.38877,2256.107874,-3.467466667,0.3733394268,0.1061154748,0.03275122519,0.03606280781,0.0344070165,0.288523897,0.09492036482,0.09756310745,0.09624173614,-5.054293116,0.1052208235,0.1079621036,0.1065914635,-8.523996635,0.3882939841,0.3918553167,0.3900746504,5.305598654,0.1567421267,0.1553175936,0.1560298601,202115.0503,87846.74897,60769.85119,74308.30008,23.94,0.16,8.71E+23,3.21E+23,6.69E+48,3.82E+48,48.82557852,0.2479362155
00 47 35.48,-73 08 30.8,O9.5 IV:n e?,9.5,IV,14.35,0.02,-0.05,0.03,massey_only (V 10.0σ disagreement; BV 2.37σ tension),-0.26,0,30634.32155,1322.743105,-3.0661,0.07856480504,0.2098555018,0.03049551618,0.02912498452,0.02981025035,0.5735445591,0.08775769075,0.08259909291,0.08517839183,-5.201883571,0.09237622343,0.09408636899,0.09323129621,-8.26694819,0.1193221257,0.1257873284,0.122554727,5.202779276,0.05031493134,0.04772885028,0.04902189081,159506.8271,19592.60448,16600.83677,18096.72063,23.41,0.14,2.57E+23,8.29E+22,3.14E+48,1.20E+48,48.4973064,0.1662210828
00 47 41.92,-73 02 37.0,O9 I,9,I,13.7,0.01,-0.12,0.01,"massey_only (V 1.17σ; BV 1.35σ, but large Zaritsky errors)",-0.25,0,30223.9214,977.7566263,-2.9198,0.08335757097,0.1301639894,0.01017608298,0.01013888689,0.01015748493,0.3559321859,0.03337329635,0.03210169039,0.03273749337,-5.633470475,0.04737325636,0.0476923321,0.04753279423,-8.554116921,0.09916585044,0.09313826616,0.0961520583,5.317646768,0.03725530646,0.03966634017,0.03846082332,207800.5863,18612.78674,18138.54167,18375.66421,23.47,0.15,2.95E+23,1.02E+23,4.96E+48,1.88E+48,48.69560372,0.1647346338
00 47 47.52,-73 17 27.9,O7,7,V,15.0695,0.02236067977,0.0955,0.02410394159,Average,-0.29,0,39448.14687,2732.402372,-3.666666667,0.3913145173,0.3851492599,0.02361422341,0.02404616742,0.02383019542,1.053653845,0.08208476816,0.07771212263,0.07989844539,-4.962665894,0.09064313021,0.09040306922,0.09052309972,-8.638229069,0.3983077597,0.3974608533,0.3978843065,5.351291628,0.1589843413,0.1593231039,0.1591537226,224538.9191,99260.42816,68953.63229,84107.03022,24.18,0.16,1.51E+24,5.58E+23,9.47E+48,5.58E+48,48.97654539,0.2557507479
00 47 50.05,-73 08 21.1,O6 I(f) + O7.5,6,I,12.46,0.01,-0.17,0.01,Massey,-0.27,0,37770.0584,1332.54256,-3.5798,0.1163904665,0.0999894063,0.01000681755,0.009942459091,0.009974638321,0.2737096888,0.03084682904,0.03027378359,0.03056030631,-6.791678485,0.04565663358,0.04492336255,0.04528999806,-10.37034264,0.1229459954,0.123209279,0.1230776372,6.044137057,0.04928371159,0.04917839815,0.04923105487,1106973.074,133024.3089,118514.0745,125769.1917,24.19,0.15,1.55E+24,5.35E+23,5.69E+49,2.22E+49,49.75490662,0.1693515729
00 47 55.09,-73 10 31.8,O8.5 V(n),8.5,V,14.1085,0.04527692569,-0.11,0.04671455876,Average,-0.28,0,35032.50972,2017.960626,-3.367866667,0.3643518816,0.1704898695,0.04603940681,0.04755484126,0.04679712403,0.4653085997,0.1306659936,0.1284959835,0.1295809886,-5.333489869,0.1405629884,0.1399087712,0.1402358798,-8.706648888,0.3844364033,0.3765695727,0.380502988,5.378659555,0.1506278291,0.1537745613,0.1522011952,239144.041,99144.57593,71308.08996,85226.33294,23.82,0.16,6.61E+23,2.43E+23,7.08E+48,3.95E+48,48.85013474,0.2424425113
00 47 58.15,-73 25 56.1,O4 I(n),4,I,14.3435,0.0306757233,-0.217,0.03436931771,Average,-0.28,0,42800.8164,1569.066515,-4.0198,0.1384123968,0.06378997572,0.03380764676,0.03496500557,0.03438632617,0.1741488899,0.0937264327,0.09409946295,0.09391294782,-4.80918453,0.104531564,0.100149964,0.102340764,-8.827977351,0.1708651459,0.1636357527,0.1672504493,5.42719094,0.06545430107,0.06834605836,0.06690017971,267418.189,43499.37923,38939.92888,41219.65405,24.67,0.15,4.68E+24,1.62E+24,2.52E+49,1.02E+49,49.40074292,0.1761571656
00 48 00.60,-73 34 38.0,O7 Vz,7,V,14.9215,0.01562049935,-0.165,0.02200568108,Average,-0.29,0,39448.14687,2732.402372,-3.666666667,0.3913145173,0.1253257837,0.0212710262,0.02193050329,0.02160076474,0.3425439202,0.06184494784,0.06197832608,0.06191163696,-4.398457234,0.07175478491,0.0716197839,0.07168728441,-8.054507225,0.3980356087,0.4014030698,0.3997193392,5.11780289,0.1605612279,0.1592142435,0.1598877357,131160.4496,58669.23532,40255.26635,49462.25084,24.18,0.16,1.51E+24,5.58E+23,5.53E+48,3.26E+48,48.74305666,0.2562081686
00 48 02.64,-73 16 38.7,O5.5 V,5.5,V,14.445,0.02739069185,-0.0575,0.03099193443,Average,-0.3,0,43863.78402,3446.844119,-3.965466667,0.4182771531,0.2432290722,0.02963314586,0.03044848749,0.03004081668,0.6648517398,0.08687381885,0.08765358317,0.08726370101,-5.195950203,0.09569196665,0.095946146,0.09581905633,-9.153379449,0.4286727326,0.4256929422,0.4271828374,5.55735178,0.1702771769,0.1714690931,0.170873135,360870.8333,173237.0123,117716.123,145476.5677,24.54,0.16,3.47E+24,1.28E+24,2.28E+49,1.42E+49,49.35828759,0.270983786
00 48 02.96,-73 16 12.5,O7 V: + O7.5,7.5,V,14.3715,0.026,-0.111,0.02768122107,Average,-0.28,0,37976.26782,2494.255123,-3.567066667,0.3823269721,0.1691862166,0.02690558248,0.02779611793,0.0273508502,0.4611506754,0.07972558327,0.07619359039,0.07795958683,-5.06803289,0.08916853626,0.08886296826,0.08901575226,-8.633614453,0.4006275733,0.39631542,0.3984714966,5.349445781,0.158526168,0.1602510293,0.1593885986,223586.6055,98499.49275,68991.85072,83745.67174,24.06,0.16,1.15E+24,4.23E+23,8.33E+48,4.85E+48,48.92075685,0.2530272139
00 48 09.26,-73 14 16.0,O7.5 V(n),7.5,V,13.835,0.01,0.118,0.02,Weighted av (V 3.36σ; BV 0.67σ),-0.28,0,37976.26782,2494.255123,-3.567066667,0.3823269721,0.398128162,0.02011800186,0.01963284831,0.01987542508,1.089224092,0.07734383578,0.07306624177,0.07520503877,-6.231548192,0.07967556647,0.08399795385,0.08183676016,-9.797957953,0.3865761403,0.3940440396,0.3903100899,5.815183181,0.1576176158,0.1546304561,0.156124036,653406.0956,285886.2802,195735.7994,240811.0398,24.06,0.16,1.15E+24,4.23E+23,2.43E+49,1.41E+49,49.38649425,0.2509835855
00 48 10.69,-73 19 50.1,O7 V(n),7,V,14.6305,0.01929378138,-0.078,0.02128966886,Average,-0.29,0,39448.14687,2732.402372,-3.666666667,0.3913145173,0.2116883833,0.02186165007,0.02137695664,0.02161930336,0.5797146167,0.06589514661,0.06229029268,0.06409271965,-4.925664964,0.07158625173,0.07755480744,0.07457052959,-8.580893194,0.3861265772,0.3997460189,0.392936298,5.328357278,0.1598984076,0.1544506309,0.1571745192,212989.0512,94801.78485,63741.68766,79271.73625,24.18,0.16,1.51E+24,5.58E+23,8.99E+48,5.27E+48,48.95361104,0.2545238046
00 48 18.92,-73 27 15.1,O6 Vn:,6,V,14.5825,0.01680029762,-0.2045,0.02252221126,Average,-0.3,0,42391.90497,3208.69687,-3.865866667,0.4092896079,0.09529262519,0.02242956371,0.02367786576,0.02305371473,0.2609156796,0.06252240645,0.06507929961,0.06380085303,-4.655491324,0.07551143091,0.07290885551,0.07421014321,-8.525993191,0.412785516,0.4165419714,0.4146637437,5.306397276,0.1666167886,0.1651142064,0.1658654975,202487.0612,94689.17198,64040.20695,79364.68946,24.42,0.16,2.63E+24,9.69E+23,1.11E+49,6.80E+48,49.04662574,0.2653314364
00 48 24.15,-73 06 49.1,O9.7 IIe,9.7,II,13.46,0.01,-0.13,0.01,massey_only (Zaritsky errors very large),-0.24,0,28463.1561,894.9732419,-2.7658,0.07564989535,0.1098029051,0.01024702369,0.009552345116,0.009899684402,0.3009208751,0.03076376446,0.02960452029,0.03018414237,-5.818297437,0.04519405262,0.04583496997,0.0455145113,-8.585114843,0.08699054531,0.08837492468,0.08768273499,5.330045937,0.03534996987,0.03479621812,0.035073094,213818.8243,18131.99304,16463.10334,17297.54819,23.302,0.15,2.00E+23,6.92E+22,4.41E+48,1.66E+48,48.64427391,0.1634433714
00 48 25.53,-73 08 47.9,O9.2 II(n),9.2,II,14.14,0.02696757312,-0.165,0.02912473176,Average,-0.25,0,29720.8456,954.1042308,-2.8758,0.08115537794,0.08532054753,0.02887960888,0.02844500367,0.02866230627,0.2333478047,0.0800670438,0.07769539785,0.07888122083,-5.070557059,0.09107491778,0.08976784285,0.09042138032,-7.944996135,0.1195038795,0.1206788328,0.1200913561,5.073998454,0.0482715331,0.04780155181,0.04803654246,118576.4528,13940.05652,12358.75024,13149.40338,23.422,0.15,2.64E+23,9.13E+22,2.71E+48,1.04E+48,48.433114,0.1670852829
00 48 30.83,-72 15 59.8,O8.5 V,8.5,V,15.001,0.01952562419,-0.2155,0.07411814892,Average,-0.28,0,35032.50972,2017.960626,-3.367866667,0.3643518816,0.06413301749,0.07477861151,0.06413301749,0.0694558145,0.1761346312,0.2062298578,0.1761346312,0.1911822445,-4.152669483,0.160162099,0.2092258458,0.1846939724,-7.546237026,0.4010358506,0.4064657172,0.4037507839,4.914494811,0.1625862869,0.1604143403,0.1615003136,82128.67491,37292.43536,25363.69678,31328.06607,23.82,0.16,6.61E+23,2.43E+23,2.43E+48,1.39E+48,48.38597,0.2483858264
00 48 33.15,-73 24 34.2,O7 III:,7,III,14.104,0.018,-0.126,0.019,weighted (V 0.79σ; BV 1.97σ),-0.28,0,37993.7168,1364.987833,-3.5641,0.151895501,0.1542576042,0.01898325419,0.01953582875,0.01925954147,0.4213767706,0.05747738323,0.05514169903,0.05630954113,-5.294201916,0.06660826709,0.06769310651,0.0671506868,-8.860618614,0.1688998743,0.1655321621,0.1672160182,5.440247445,0.06621286485,0.06755994971,0.06688640728,275579.8412,45387.10509,39701.80893,42544.45701,24.01,0.14,1.02E+24,3.30E+23,9.14E+48,3.52E+48,48.96076051,0.167239132
00 48 40.54,-73 04 41.9,O6 Iaf,6,I,14.8815,0.01802775638,0.1235,0.03760319135,Average,-0.27,0,37770.0584,1332.54256,-3.5798,0.1163904665,0.3938114676,0.03723175812,0.03716626359,0.03719901085,1.076657465,0.1171344976,0.112544324,0.1148394108,-5.172420621,0.1196887328,0.1256281897,0.1226584613,-8.758172035,0.1669001965,0.1625197032,0.1647099499,5.399268814,0.06500788129,0.06676007861,0.06588397995,250766.0934,40491.12349,35731.30022,38111.21185,24.19,0.15,1.55E+24,5.35E+23,1.29E+49,5.19E+48,49.11003838,0.1749198596
00 48 40.95,-73 04 24.5,O8 V,8,V,15.0745,0.01984943324,0.0195,0.02200568108,Average,-0.28,0,36504.38877,2256.107874,-3.467466667,0.3733394268,0.2993041717,0.02200294681,0.02166999001,0.02183646841,0.8191034379,0.07240503966,0.0693640852,0.07088456243,-4.720658655,0.07827812538,0.08270519601,0.0804916607,-8.184868548,0.3636454413,0.3955015925,0.3795735169,5.169947419,0.158200637,0.1454581765,0.1518294067,147892.932,64993.53572,42092.06017,53542.79794,23.94,0.16,8.71E+23,3.21E+23,4.90E+48,2.77E+48,48.68992729,0.2453145296
00 48 44.34,-72 59 47.5,O9 III:,9,III,14.1555,0.01346291202,-0.0035,0.01770593121,Average,-0.26,0,32106.2006,1331.192051,-3.1657,0.09323094424,0.2565484596,0.01783335914,0.01756733909,0.01770034912,0.7018465753,0.05959143929,0.05559939971,0.0575954195,-5.523908469,0.06687051203,0.06724774596,0.06705912899,-8.689181301,0.1086787667,0.113001524,0.1108401453,5.37167252,0.04520060961,0.04347150666,0.04433605814,235327.413,25812.42662,22414.98365,24113.70513,23.53,0.14,3.39E+23,1.09E+23,5.07E+48,1.91E+48,48.70467705,0.1635652571
00 48 45.41,-73 48 16.2,O9 III:e,9,III,14.527,0.0232594067,-0.0355,0.02714774392,Average,-0.26,0,32106.2006,1331.192051,-3.1657,0.09323094424,0.2246526822,0.02646297555,0.02780815203,0.02713556379,0.6143714939,0.07965665717,0.07980479852,0.07973072784,-5.065054402,0.09132959884,0.08840283386,0.08986621635,-8.228930388,0.1282207829,0.1312295192,0.129725151,5.187572155,0.05249180766,0.05128831316,0.05189006041,154018.2397,19787.43943,17155.93717,18471.6883,23.53,0.14,3.39E+23,1.09E+23,3.32E+48,1.27E+48,48.52057669,0.1657723911
00 48 47.43,-73 24 59.3,O6.5 V:nnn,6.5,V,13.5,0.01,-0.2,0.01,massey_only (V 5.87σ disagreement; BV 1.17σ),-0.29,0,40920.02592,2970.549621,-3.766266667,0.4003020626,0.09024899816,0.009953448341,0.01019269583,0.01007307208,0.2467953363,0.0302914438,0.02995709279,0.0301242683,-5.724685135,0.04615586094,0.04487284587,0.0455143534,-9.503566568,0.4022403935,0.3999881717,0.4011142826,5.697426627,0.1599952687,0.1608961574,0.160445713,498226.2801,221921.9873,154248.4354,188085.2114,24.3,0.16,2.00E+24,7.35E+23,2.39E+49,1.43E+49,49.37904322,0.259318806
00 48 47.58,-73 25 22.7,O8 Vn,8,V,15.387,0.03354101966,-0.2305,0.03737980738,Average,-0.28,0,36504.38877,2256.107874,-3.467466667,0.3733394268,0.04868338466,0.03687932823,0.03665908341,0.03676920582,0.133465777,0.1018468934,0.1007753909,0.1013111422,-3.722310853,0.1030989816,0.1142251726,0.1086620771,-7.191392082,0.3910999825,0.3755356523,0.3833178174,4.772556833,0.1502142609,0.156439993,0.153327127,59232.05948,24476.73648,17916.19535,21196.46591,23.94,0.16,8.71E+23,3.21E+23,1.96E+48,1.11E+48,48.2925367,0.2462443047
00 48 47.90,-72 46 24.9,O9 II,9,II,13.9075,0.01724093965,-0.1205,0.03856812155,Average,-0.25,0,30223.9214,977.7566263,-2.9198,0.08335757097,0.1277566305,0.03996050162,0.03560415821,0.03778232991,0.3506493317,0.1102175944,0.09907780052,0.1046476975,-5.42067575,0.1065708951,0.1144552191,0.1105130571,-8.342678646,0.1347124864,0.1401497582,0.1374311223,5.233071458,0.05605990329,0.05388499454,0.05497244891,171029.6702,23565.18839,19956.80465,21760.99652,23.47,0.15,2.95E+23,1.02E+23,4.08E+48,1.59E+48,48.61102841,0.1693523982
00 48 51.49,-73 25 58.6,O8 V((f))z,8,V,13.468,0.007071067812,-0.181,0.008660254038,Average,-0.28,0,36504.38877,2256.107874,-3.467466667,0.3733394268,0.09918537306,0.008610883737,0.008587047141,0.008598965439,0.2711586925,0.02818242615,0.02656303766,0.0273727319,-5.781138724,0.04366345412,0.0437171219,0.04369028801,-9.262636927,0.3912941284,0.3775846407,0.3844393846,5.601054771,0.1510338563,0.1565176514,0.1537757538,399075.2343,165977.0399,120759.9057,143368.4728,23.94,0.16,8.71E+23,3.21E+23,1.32E+49,7.50E+48,49.12103464,0.2465238977
00 48 55.36,-73 49 45.7,O9 IIIe,9,III,14.69,0.02,-0.05,0.02,massey_only (V 6.8σ; BV 4.3σ strong disagreement),-0.26,0,32106.2006,1331.192051,-3.1657,0.09323094424,0.2097520142,0.01949562245,0.01964629254,0.01957095749,0.5738531954,0.06124852805,0.05934795738,0.06029824272,-4.861199339,0.06877827911,0.07286342153,0.07082085032,-8.027291309,0.1149071405,0.1179047474,0.1164059439,5.106916524,0.04716189895,0.0459628562,0.04656237757,127913.5416,14672.96352,12845.77914,13759.37133,23.53,0.14,3.39E+23,1.09E+23,2.75E+48,1.04E+48,48.43992106,0.1641827101
00 48 57.64,-73 08 01.9,O6 III:,6,III,13.86,0.03041381265,-0.121,0.03508917212,Average,-0.28,0,40937.4749,1381.885724,-3.7633,0.1812277794,0.158928195,0.03520687746,0.03454797347,0.03487742546,0.4351450059,0.09842664078,0.0974194113,0.09792302604,-5.55254627,0.1086774892,0.1109615228,0.109819506,-9.317727804,0.2059247175,0.2051958995,0.2055603085,5.623091122,0.08207835979,0.082369887,0.0822241234,419847.0675,87341.53023,72533.91059,79937.72041,24.25,0.14,1.78E+24,5.73E+23,1.79E+49,7.13E+48,49.25396711,0.1726252547
00 49 08.06,-73 09 06.4,O9 V,9,V,14.48,0.02,0.15,0.02,massey_only (V 14.8σ; BV 4.5σ strong disagreement),-0.28,0,33560.63067,1779.813377,-3.268266667,0.3553643363,0.4298228526,0.02032278453,0.01963050306,0.0199766438,1.177431029,0.07808257477,0.07852262159,0.07830259818,-5.675681718,0.08875063372,0.08528342669,0.08701703021,-8.936386387,0.3497207492,0.3561268491,0.3529237991,5.470554555,0.1424507396,0.1398882997,0.1411695196,295498.008,114711.0957,81373.56065,98042.32818,23.7,0.16,5.01E+23,1.85E+23,7.88E+48,4.22E+48,48.89659429,0.2324140376
00 49 10.99,-73 07 19.8,O9 V,9,V,14.5975,0.02015564437,-0.1095,0.02207374005,Average,-0.28,0,33560.63067,1779.813377,-3.268266667,0.3553643363,0.1700510082,0.02174519945,0.02133336928,0.02153928436,0.463963055,0.06655839733,0.06000966955,0.06328403344,-4.843853203,0.07131698837,0.07593358152,0.07362528495,-8.112600409,0.3597165834,0.3647120063,0.3622142949,5.141040163,0.1458848025,0.1438866334,0.1448857179,138369.4349,55239.30855,39022.71556,47131.01206,23.7,0.16,5.01E+23,1.85E+23,3.69E+48,1.99E+48,48.5670799,0.234689844
00 49 15.94,-72 52 43.9,O9.5 I,9.5,I,13.078,0.007071067812,-0.121,0.008660254038,Average,-0.24,0,28966.2319,918.6256374,-2.8098,0.07785208839,0.1193317445,0.008303484168,0.008951771866,0.008627628017,0.3261883315,0.02838974433,0.0273426074,0.02786617586,-6.225241556,0.04297834005,0.04456238331,0.04377036168,-9.034333228,0.08811449413,0.09163888258,0.08987668836,5.509733291,0.03665555303,0.03524579765,0.03595067534,323394.9927,28480.35745,25208.82491,26844.59118,23.35,0.15,2.24E+23,7.73E+22,6.94E+48,2.62E+48,48.84152547,0.1637913672
00 49 30.94,-73 09 52.6,O8: V(n),8,V,15.3365,0.02086264605,-0.002,0.09336085904,Average,-0.28,0,36504.38877,2256.107874,-3.467466667,0.3733394268,0.2772657065,0.09472872804,0.09095465743,0.09284169274,0.7603010209,0.2595399891,0.2550702815,0.2573051353,-4.401854266,0.2559307995,0.2619196312,0.2589252154,-7.863136518,0.4492093231,0.4451876902,0.4471985067,5.041254607,0.1780750761,0.1796837293,0.1788794027,109965.033,55737.71862,37258.92741,46498.32302,23.94,0.16,8.71E+23,3.21E+23,3.64E+48,2.20E+48,48.56123448,0.2629161281
00 49 33.20,-73 42 18.5,O8 III((f)),8,III,13.76,0.03535533906,-0.182,0.05489990893,Average,-0.27,0,35049.9587,1348.089942,-3.3649,0.1225632226,0.08850357208,0.05285722741,0.0536140961,0.05323566176,0.2418534114,0.1451629896,0.1482488939,0.1467059417,-5.459425554,0.1543344276,0.153546561,0.1539404943,-8.825918572,0.1950412593,0.1965100655,0.1957756624,5.426367429,0.07860402619,0.07801650373,0.07831026496,266911.5888,52956.89782,43887.93582,48422.41682,23.77,0.14,5.89E+23,1.90E+23,7.03E+48,2.81E+48,48.84697758,0.1737721972
00 49 35.77,-72 47 32.2,O9.2 V:,9.2,V,15.781,0.024,-0.152,0.02941088234,Zaristky,-0.28,0,32971.87905,1684.554477,-3.228426667,0.3517693182,0.127894545,0.02961775782,0.02818419934,0.02890097858,0.3494221638,0.08411506425,0.07839572698,0.08125539561,-3.546518373,0.09056405941,0.09340130146,0.09198268043,-6.780633517,0.3577996873,0.3547340062,0.3562668468,4.608253407,0.1418936025,0.1431198749,0.1425067387,40574.52205,15678.65008,11391.28014,13534.96511,23.652,0.16,4.49E+23,1.65E+23,1.04E+48,5.55E+47,48.01703881,0.2319167108
00 49 37.09,-72 40 10.3,O8 V,8,V,15.25,0.04,-0.07,0.04,Massey,-0.28,0,36504.38877,2256.107874,-3.467466667,0.3733394268,0.2096972302,0.04101756462,0.03953059772,0.04027408117,0.5734419238,0.1173833136,0.1104961946,0.1139397541,-4.303063423,0.1236687656,0.122125536,0.1228971508,-7.77210717,0.4038245683,0.3935887954,0.3987066818,5.004842868,0.1574355182,0.1615298273,0.1594826727,101121.3523,44182.92113,31408.46976,37795.69545,23.94,0.16,8.71E+23,3.21E+23,3.35E+48,1.93E+48,48.52482274,0.2501235147
00 49 42.03,-72 37 00.2,O8 V,8,V,14.8975,0.01830983342,-0.218,0.03098790086,Average,-0.28,0,36504.38877,2256.107874,-3.467466667,0.3733394268,0.06184287929,0.03107530271,0.03101028675,0.03104279473,0.1696535383,0.08529797174,0.08564156552,0.08546976863,-4.248844179,0.09110764917,0.09341074413,0.09225919665,-7.710916952,0.3735706401,0.3837596283,0.3786651342,4.980366781,0.1535038513,0.149428256,0.1514660537,95579.94616,40523.97333,27825.38677,34174.68005,23.94,0.16,8.71E+23,3.21E+23,3.16E+48,1.79E+48,48.50034665,0.2450898103
00 49 42.74,-73 17 18.2,O6 V((f))ne,6,V,14.11,0.01,0.06,0.01,massey_only (V 6.8σ strong disagreement; BV 2.6σ tension),-0.3,0,42391.90497,3208.69687,-3.865866667,0.4092896079,0.3602709244,0.009368130738,0.00996543694,0.009666783839,0.98654716,0.05388644552,0.05447395156,0.05418019854,-5.854594162,0.06503208854,0.06260860961,0.06382034908,-9.709927206,0.4040479721,0.4087518419,0.406399907,5.779970882,0.1635007368,0.1616191888,0.1625599628,602519.2002,275434.5126,187228.9897,231331.7512,24.42,0.16,2.63E+24,9.69E+23,3.31E+49,2.01E+49,49.52019934,0.263277704
00 49 50.41,-73 19 32.0,O9.7 V: + O9.7,9.7,V,14.456,0.017,-0.145,0.018,weighted (V 1.97σ; BV 2.97σ borderline),-0.27,0,31500,1446.407228,-3.128826667,0.342781773,0.1251681181,0.01779635469,0.01801068534,0.01790352002,0.3423803507,0.05180235194,0.05115937117,0.05148086156,-4.863783974,0.06117926159,0.06449923006,0.06283924583,-7.992084024,0.3354487891,0.3501666611,0.3428077251,5.09283361,0.1400666644,0.1341795156,0.13712309,123832.206,47130.06338,32913.32213,40021.69276,23.532,0.16,3.40E+23,1.25E+23,2.89E+48,1.50E+48,48.46095159,0.2253121114
00 49 54.40,-72 24 37.7,O9 III,9,III,14.321,0.0145,-0.1815,0.01706604817,Average,-0.26,0,32106.2006,1331.192051,-3.1657,0.09323094424,0.07841845336,0.01741881556,0.01711393026,0.01726637291,0.214405061,0.04922691423,0.04729447712,0.04826069568,-4.870971735,0.05777506286,0.05988815392,0.05883160839,-8.034997874,0.1108158464,0.1146337554,0.1127248009,5.10999915,0.04585350214,0.04432633856,0.04508992035,128824.703,14345.50362,12499.77003,13422.63682,23.53,0.14,3.39E+23,1.09E+23,2.77E+48,1.05E+48,48.44300368,0.1637712069
00 49 58.71,-73 19 28.4,O8f?p,8,V,15.236,0.02470323865,0.0355,0.03756660751,Average,-0.28,0,36504.38877,2256.107874,-3.467466667,0.3733394268,0.3157123501,0.03714657248,0.03615742849,0.03665200049,0.8642777237,0.1129151352,0.1054344829,0.1091748091,-4.604198641,0.114507533,0.1183794582,0.1164434956,-8.080227307,0.3888960185,0.3919967392,0.3904463789,5.128090923,0.1567986957,0.1555584074,0.1561785515,134304.6108,58398.89687,40433.37618,49416.13653,23.94,0.16,8.71E+23,3.21E+23,4.45E+48,2.54E+48,48.64807079,0.2480298161
00 49 59.35,-73 22 14.1,WN3h + O9:,9,V,14.522,0.02280898946,-0.1295,0.0247082982,Average,-0.28,0,33560.63067,1779.813377,-3.268266667,0.3553643363,0.1504837471,0.02483150528,0.02429550574,0.02456350551,0.4109173331,0.07122613912,0.06662218774,0.06892416343,-4.867757031,0.08027937926,0.0802349654,0.08025717233,-8.138930151,0.3709768441,0.3591913341,0.3650840891,5.151572061,0.1436765336,0.1483907377,0.1460336356,141765.9945,55589.21476,41030.77824,48309.9965,23.7,0.16,5.01E+23,1.85E+23,3.78E+48,2.05E+48,48.5776118,0.2354002429
00 50 00.49,-72 55 12.3,O9,9,V,14.214,0.0125399362,-0.0725,0.01487447478,Average,-0.28,0,33560.63067,1779.813377,-3.268266667,0.3553643363,0.2076275761,0.01452246907,0.01417219812,0.01434733359,0.5679241653,0.04931248108,0.04629832618,0.04780540363,-5.332480581,0.05927646685,0.05823643047,0.05875644866,-8.618364954,0.368445769,0.3497761973,0.3591109832,5.343345981,0.1399104789,0.1473783076,0.1436443933,220468.2132,83799.91333,63443.62019,73621.76676,23.7,0.16,5.01E+23,1.85E+23,5.88E+48,3.17E+48,48.76938572,0.2339255509
00 50 01.87,-72 11 26.6,O5.5 III((f))(e),5.5,III,13.568,0.007071067812,-0.181,0.008660254038,Average,-0.28,0,42409.35395,1390.33467,-3.8629,0.1958939186,0.0991508685,0.008578022404,0.008660508426,0.008619265415,0.2712627162,0.02728670837,0.02715950741,0.02722310789,-5.68010046,0.04147153209,0.04259208774,0.04203180991,-9.543552562,0.2021009145,0.2004770171,0.2012889658,5.713421025,0.08019080685,0.0808403658,0.08051558632,516917.2517,104827.0763,87795.37018,96311.22324,24.37,0.14,2.34E+24,7.56E+23,2.53E+49,9.97E+48,49.40293459,0.1712488998
00 50 03.89,-73 24 13.7,O9.7 II:(n)e?,9.7,II,14.0665,0.03881043674,-0.14,0.04257346591,Average,-0.24,0,28463.1561,894.9732419,-2.7658,0.07564989535,0.09856148446,0.0432972023,0.04101954927,0.04215837578,0.2706100311,0.1198758286,0.1138042723,0.1168400505,-5.183101252,0.1229050526,0.123944535,0.1234247938,-7.947193585,0.1428960617,0.1438827491,0.1433894054,5.074877434,0.05755309964,0.05715842469,0.05735576216,118816.6857,16836.66925,14652.35929,15744.51427,23.302,0.15,2.00E+23,6.92E+22,2.45E+48,9.57E+47,48.38910541,0.1696269353
00 50 10.04,-73 15 39.4,O6.5 V-III,6.5,V,14.07,0.02,-0.02,0.02,massey_only (V 3.32σ disagreement; BV 2.05σ),-0.29,0,40920.02592,2970.549621,-3.766266667,0.4003020626,0.2696958346,0.01985540828,0.01967200821,0.01976370825,0.7379753339,0.0657023869,0.06122757034,0.06346497862,-5.645703391,0.07255161007,0.07499169685,0.07377165346,-9.405970001,0.401856946,0.404339918,0.403098432,5.658388001,0.1617359672,0.1607427784,0.1612393728,455394.7524,205487.3188,140876.9522,173182.1355,24.3,0.16,2.00E+24,7.35E+23,2.19E+49,1.31E+49,49.34000459,0.2598106073
00 50 11.12,-72 32 35.2,O8.5 II:(n),8.5,II,13.6845,0.01533786165,-0.132,0.02441823089,Average,-0.25,0,31481.6109,1036.887615,-3.0298,0.08886305356,0.1177211602,0.02369000686,0.0235344624,0.02361223463,0.3216338256,0.06798093171,0.06488583576,0.06643338373,-5.616196669,0.07789134467,0.07791850564,0.07790492515,-8.647331414,0.1160175717,0.1191909481,0.1176042599,5.354932565,0.04767637923,0.04640702867,0.04704170395,226429.2701,26272.88459,22947.486,24610.18529,23.59,0.15,3.89E+23,1.34E+23,6.05E+48,2.33E+48,48.78206497,0.167292008
00 50 11.26,-73 20 55.2,O9 If,9,I,13.64,0.01,-0.23,0.01,massey_only (BV 4.69σ strong disagreement; Zaritsky very large error),-0.25,0,30223.9214,977.7566263,-2.9198,0.08335757097,0.0202755779,0.009714801719,0.0102903768,0.01000258926,0.05527351885,0.02727233938,0.02813668341,0.02770451139,-5.391924601,0.04310329798,0.04404377095,0.04357353446,-8.312064288,0.09408254129,0.094641271,0.09436190614,5.220825715,0.0378565084,0.03763301651,0.03774476246,166274.5248,15144.24787,13801.61137,14472.92962,23.47,0.15,2.95E+23,1.02E+23,3.97E+48,1.50E+48,48.59878266,0.164568927
00 50 17.21,-72 53 30.3,OC7.5 III((f)),7.5,III,13.298,0.007071067812,-0.181,0.008660254038,Average,-0.27,0,36521.83775,1356.538887,-3.4645,0.1372293618,0.08904578139,0.008865133151,0.008549448396,0.008707290774,0.2437111362,0.02758129869,0.02638900536,0.02698515202,-5.923149248,0.04284662477,0.04365003464,0.0432483297,-9.386835351,0.1460787529,0.1428704748,0.1444746139,5.65073414,0.05714818992,0.05843150116,0.05778984554,447439.3141,62927.38629,56325.96475,59626.67552,23.89,0.14,7.76E+23,2.50E+23,1.32E+49,5.00E+48,49.11988384,0.1646300809
00 50 18.12,-72 38 10.1,O9.5 Iab,9.5,I,12.357,0.032,-0.125,0.034,Other,-0.24,0,28966.2319,918.6256374,-2.8098,0.07785208839,0.1164014259,0.03311792801,0.03470425715,0.03391109258,0.3186939117,0.09175057523,0.09644646392,0.09409851957,-6.939433382,0.1064300185,0.1023785114,0.1044042649,-9.744982989,0.1271017756,0.1333800258,0.1302409007,5.793993196,0.05335201031,0.05084071022,0.05209636026,622290.5354,81340.85543,68746.10482,75043.48013,23.35,0.15,2.24E+23,7.73E+22,1.34E+49,5.17E+48,49.12578538,0.1680749585
00 50 20.47,-72 37 02.8,O9 II:,9,II,13.228,0.007071067812,-0.191,0.008660254038,Average,-0.25,0,30223.9214,977.7566263,-2.9198,0.08335757097,0.05888727441,0.008499618504,0.008576663647,0.008538141075,0.1608148618,0.02557419912,0.02396142146,0.02476781029,-5.908603082,0.03937406783,0.04348976308,0.04143191546,-8.826910904,0.09150277837,0.09783438113,0.09466857975,5.426764361,0.03913375245,0.03660111135,0.0378674319,267155.6496,25190.99525,21592.46885,23391.73205,23.47,0.15,2.95E+23,1.02E+23,6.38E+48,2.42E+48,48.80472131,0.1645971052
00 50 25.59,-72 08 03.2,O9.5 V,9.5,V,14.26,0.02,-0.1,0.02,massey_only (V 7.5σ; BV 6.8σ strong disagreement),-0.28,0,32088.75162,1541.666128,-3.168666667,0.3463767911,0.1797762621,0.02029531094,0.02019069586,0.0202430034,0.4921014497,0.06008314479,0.05879804061,0.0594405927,-5.209047685,0.06979548275,0.0707416415,0.07026856213,-8.382252702,0.3577114169,0.3532589584,0.3554851876,5.248901081,0.1413035834,0.1430845668,0.1421940751,177378.543,68208.06061,49788.57922,58998.31991,23.58,0.16,3.80E+23,1.40E+23,4.29E+48,2.27E+48,48.63284999,0.2297495085
00 50 27.93,-73 03 16.5,B0 III + O9 V,9,V,14.0865,0.04560975773,-0.0705,0.04716195501,Average,-0.28,0,33560.63067,1779.813377,-3.268266667,0.3553643363,0.2079696741,0.04918899101,0.04720139387,0.04819519244,0.568493216,0.1379084046,0.1304818762,0.1341951404,-5.461309232,0.1435655152,0.146409997,0.1449877561,-8.733144509,0.3786116107,0.3796614288,0.3791365197,5.389257804,0.1518645715,0.1514446443,0.1516546079,245051.748,102582.357,72144.51505,87363.43602,23.7,0.16,5.01E+23,1.85E+23,6.54E+48,3.60E+48,48.81529754,0.2389279634
00 50 30.41,-73 27 33.7,O7-9 III,8,III,14.278,0.021914607,-0.169,0.0286792608,Average,-0.27,0,35049.9587,1348.089942,-3.3649,0.1225632226,0.1018842217,0.02792928833,0.02788925511,0.02790927172,0.2786037173,0.07682803343,0.07741900288,0.07712351816,-4.977779939,0.08732072741,0.08619761904,0.08675917322,-8.346346007,0.1508952692,0.1442792037,0.1475872365,5.234538403,0.0577116815,0.06035810767,0.05903489459,171608.3449,24388.95331,22266.91852,23327.93591,23.77,0.14,5.89E+23,1.90E+23,4.52E+48,1.73E+48,48.65514855,0.1659801124
00 50 31.00,-72 42 39.4,O9.7 IV(n),9.7,IV,14.98,0.04,-0.05,0.04,massey_only (V 6.52σ strong disagreement; BV 3.67σ),-0.26,0,30045.56993,1319.363527,-3.02626,0.07269834936,0.2110781375,0.03920812798,0.0400728349,0.03964048144,0.5759527854,0.1132553627,0.111494587,0.1123749748,-4.570606102,0.1207614033,0.1308746814,0.1258180423,-7.600836195,0.1455181749,0.1401886744,0.1428534247,4.936334478,0.05607546977,0.05820726998,0.05714136988,86364.3439,11903.16534,10833.00063,11368.08298,23.362,0.14,2.30E+23,7.42E+22,1.65E+48,6.42E+47,48.21657288,0.1693642448
00 50 32.41,-72 52 36.4,O3.5 III(f),3.5,III,12.728,0.007071067812,-0.151,0.008660254038,Average,-0.29,0,48296.87015,1424.130453,-4.2613,0.2545584754,0.139019637,0.008731016698,0.008945836113,0.008838426405,0.3805560702,0.03003754215,0.02969387025,0.0298657062,-6.630165154,0.04513140798,0.0442797239,0.04470556594,-10.89939681,0.2616324714,0.2535193124,0.2575758919,6.255758724,0.101407725,0.1046529886,0.1030303568,1802016.336,473953.221,385877.8027,429915.5118,24.85,0.14,7.08E+24,2.28E+24,1.58E+50,6.60E+49,50.19944297,0.1812158159
00 50 33.51,-72 47 45.0,O7 III,7,III,13.933,0.02304886114,-0.173,0.03019105828,Average,-0.28,0,37993.7168,1364.987833,-3.5641,0.151895501,0.1066155506,0.0305376592,0.02917477828,0.02985621874,0.2922537461,0.08570524517,0.08159393098,0.08364958808,-5.337827884,0.09213636886,0.0938223647,0.09297936678,-8.907050311,0.1779855461,0.174603086,0.1762943161,5.458820125,0.06984123442,0.07119421846,0.07051772644,287620.6906,50180.64344,43488.01763,46834.33054,24.01,0.14,1.02E+24,3.30E+23,9.54E+48,3.70E+48,48.97933319,0.1687242885
00 50 34.31,-72 53 28.5,O9.5 V,9.5,V,15.307,0.02121320344,-0.1765,0.02304343724,Average,-0.28,0,32088.75162,1541.666128,-3.168666667,0.3463767911,0.1034201267,0.02311460341,0.0229684642,0.02304153381,0.2824644925,0.06732590681,0.06414956564,0.06573773622,-3.952012422,0.07429250109,0.07887717479,0.07658483794,-7.132174675,0.3501017069,0.3427892201,0.3464454635,4.74886987,0.137115688,0.1400406828,0.1385781854,56087.98919,20822.49754,15459.63897,18141.06825,23.58,0.16,3.80E+23,1.40E+23,1.36E+48,7.11E+47,48.13281878,0.2275293281
00 50 35.94,-73 48 37.9,O9.5 V,9.5,V,15.689,0.028,-0.106,0.039,weighted (V 2.97σ borderline; BV 0.70σ consistent),-0.28,0,32088.75162,1541.666128,-3.168666667,0.3463767911,0.1729885626,0.03743277512,0.0380435599,0.03773816751,0.4721858656,0.107027736,0.1044949041,0.10576132,-3.761860317,0.1132841111,0.1125858798,0.1129349955,-6.93490247,0.3592587062,0.3601635222,0.3597111142,4.669960988,0.1440654089,0.1437034825,0.1438844457,46769.31273,18397.48777,13175.63845,15786.56311,23.58,0.16,3.80E+23,1.40E+23,1.13E+48,6.02E+47,48.05390989,0.2307995134
00 50 39.96,-72 59 43.5,O7.5 V,7.5,V,14.548,0.01640121947,-0.1145,0.02189177928,Average,-0.28,0,37976.26782,2494.255123,-3.567066667,0.3823269721,0.1655067702,0.02184938518,0.02124265144,0.02154601831,0.4529342549,0.06380389503,0.0611546208,0.06247925792,-4.88195752,0.07137813394,0.0745679334,0.07297303367,-8.453630856,0.386885375,0.391670119,0.389277747,5.277452342,0.1566680476,0.15475415,0.1557110988,189431.5635,82287.67664,56784.33136,69536.004,24.06,0.16,1.15E+24,4.23E+23,7.06E+48,4.08E+48,48.84876341,0.2507269269
00 50 43.81,-72 47 41.6,O4-6(f)np,5,V,13.348,0.007071067812,-0.131,0.01224744871,Average,-0.3,0,45335.66307,3684.991368,-4.065066667,0.4272646984,0.1690560515,0.0123022257,0.01237511369,0.0123386697,0.4634512706,0.03997546742,0.04038253561,0.04017900152,-6.092812891,0.05306184766,0.05076617219,0.05191400992,-10.16676523,0.4347945235,0.4300725457,0.4324335346,5.962706093,0.1720290183,0.1739178094,0.1729734138,917711.3324,446039.7622,302834.2817,374437.022,24.66,0.16,4.57E+24,1.68E+24,6.70E+49,4.24E+49,49.8263064,0.2746958368
00 50 49.65,-72 42 39.9,O6.5 III:,6.5,III,14.1025,0.02059126028,-0.2265,0.0263865496,Average,-0.28,0,39465.59585,1373.436779,-3.6637,0.1665616402,0.05345675151,0.02624266704,0.02558335847,0.02591301275,0.1463746417,0.07290676216,0.07068161632,0.07179418924,-5.022046888,0.07934017667,0.08053654596,0.07993836131,-8.687735634,0.1865092222,0.1835493344,0.1850292783,5.371094254,0.07341973376,0.07460368887,0.07401171131,235014.2817,43286.21906,37093.87951,40190.04929,24.13,0.14,1.35E+24,4.35E+23,8.82E+48,3.44E+48,48.94557979,0.1695068599
00 50 50.18,-72 46 39.5,O9.7 V:,9.7,V,14.425,0.02893527259,-0.141,0.03078148794,Average,-0.27,0,31500,1446.407228,-3.128826667,0.342781773,0.1289282481,0.03107004944,0.03009285366,0.03058145155,0.3531261762,0.08701752619,0.0839964013,0.08550696375,-4.907655341,0.0937190434,0.09462908786,0.09417406563,-8.034773561,0.3545308516,0.3619454291,0.3582381404,5.109909424,0.1447781716,0.1418123407,0.1432952562,128798.0907,50959.6576,35880.68097,43420.16929,23.532,0.16,3.40E+23,1.25E+23,3.01E+48,1.59E+48,48.4780274,0.2291207895
00 50 52.00,-72 42 15.0,O7 Iaf+,7,I,13.338,0.007071067812,-0.121,0.008660254038,Average,-0.26,0,35254.6794,1214.280582,-3.3598,0.1053795013,0.1390369293,0.008841566804,0.008712918855,0.00877724283,0.3805657137,0.03073425329,0.02912084919,0.02992755124,-6.020174518,0.04453730856,0.04487393365,0.04470562111,-9.381588205,0.1141413648,0.1105850899,0.1123632273,5.648635282,0.04423403594,0.04565654591,0.04494529093,445282.146,47743.28124,44435.05491,46089.16808,23.95,0.15,8.91E+23,3.08E+23,1.73E+49,6.69E+48,49.2391284,0.1676310316
00 50 53.68,-72 51 17.0,O7-9,8,V,15.773,0.02828427125,-0.1445,0.03092329219,Average,-0.28,0,36504.38877,2256.107874,-3.467466667,0.3733394268,0.1346822797,0.03166101732,0.02964572035,0.03065336884,0.3688465465,0.08858401672,0.08383212708,0.0862080719,-3.573275932,0.09400771005,0.09937644326,0.09669207665,-7.042196965,0.3860005716,0.3823843593,0.3841924654,4.712878786,0.1529537437,0.1544002286,0.1536769862,51627.22547,21795.84346,15446.3922,18621.11783,23.94,0.16,8.71E+23,3.21E+23,1.71E+48,9.70E+47,48.23285865,0.246462301
00 50 59.55,-73 32 03.8,O9.5 IIIe pec,9.5,III,14.647,0.01600781059,0.0225,0.02193741097,Average,-0.26,0,30634.32155,1322.743105,-3.0661,0.07856480504,0.2824516889,0.02233167018,0.02183766939,0.02208466978,0.7730790262,0.07138072501,0.07059928686,0.07099000593,-5.104303553,0.08075988141,0.07960563713,0.08018275927,-8.168928468,0.1111699669,0.1155588479,0.1133644074,5.163571387,0.04622353917,0.04446798675,0.04534576296,145737.5242,16366.92217,14183.72316,15275.32266,23.41,0.14,2.57E+23,8.29E+22,2.87E+48,1.09E+48,48.45809851,0.165174274
00 51 05.25,-72 48 10.1,O8.5,8.5,V,15.639,0.03110064308,-0.1945,0.1551491218,Average,-0.28,0,35032.50972,2017.960626,-3.367866667,0.3643518816,0.08372152228,0.1500393707,0.08372152228,0.1168804465,0.2253599027,0.4128883425,0.2253599027,0.3191241226,-3.563647173,0.2249735907,0.4121648696,0.3185692302,-6.98899707,0.4625910833,0.5136165814,0.4881038324,4.691598828,0.2054466326,0.1850364333,0.1952415329,49158.52354,29735.75395,17054.28346,23395.0187,23.82,0.16,6.61E+23,2.43E+23,1.46E+48,9.10E+47,48.16307402,0.2715371496
00 51 05.96,-72 40 57.1,O9.7: V + O9.7,9.7,V,14.3275,0.02553918558,-0.215,0.02780737312,Average,-0.27,0,31500,1446.407228,-3.128826667,0.342781773,0.05503240994,0.02708116116,0.02796282335,0.02752199225,0.1499208432,0.07469995306,0.07530965231,0.07500480268,-4.798577253,0.0847935596,0.08751722429,0.08615539194,-7.924273004,0.3467668289,0.341373577,0.344070203,5.065709202,0.1365494308,0.1387067316,0.1376280812,116334.6817,42981.03938,31806.31634,37393.67786,23.532,0.16,3.40E+23,1.25E+23,2.72E+48,1.41E+48,48.43382718,0.2256198007
00 51 10.84,-72 48  05.9,O9.7 V,9.7,V,14.623,0.01929378138,-0.1765,0.02088659857,Average,-0.27,0,31500,1446.407228,-3.128826667,0.342781773,0.09285452594,0.02139126963,0.0206003555,0.02099581257,0.2541218469,0.06001821167,0.05698837796,0.05850329482,-4.609142049,0.07057704318,0.07061938927,0.07059821622,-7.741729317,0.3546793997,0.3533940576,0.3540367287,4.992691727,0.141357623,0.1418717599,0.1416146915,98331.28775,37828.65689,27402.91844,32615.78766,23.532,0.16,3.40E+23,1.25E+23,2.30E+48,1.21E+48,48.3608097,0.2280735114
00 51 18.77,-73 30 16.3,O8.5 + O9-B0,8.5,V,14.7835,0.02018043607,-0.1985,0.0263865496,Average,-0.28,0,35032.50972,2017.960626,-3.367866667,0.3643518816,0.08125912844,0.02624456401,0.02534847429,0.02579651915,0.2216012721,0.07260096274,0.06983289701,0.07121692987,-4.4163922,0.07975585586,0.0804924789,0.08012416738,-7.782661001,0.3735225949,0.3766769829,0.3750997889,5.0090644,0.1506707931,0.149409038,0.1500399156,102109.0891,42346.78277,29722.95836,36034.87056,23.82,0.16,6.61E+23,2.43E+23,3.02E+48,1.68E+48,48.48053959,0.2410915671
00 51 20.19,-72 49 43.4,O9 + O9,9,V,13.976,0.01724093965,-0.2,0.04127347817,Average,-0.28,0,33560.63067,1779.813377,-3.268266667,0.3553643363,0.08055107452,0.04003329925,0.04014701287,0.04009015606,0.2205912682,0.1075244347,0.1104102532,0.108967344,-5.219899838,0.1151744449,0.1164307984,0.1158026216,-8.489174833,0.3670167805,0.3805683915,0.373792586,5.291669933,0.1522273566,0.1468067122,0.1495170344,195735.6506,82169.944,56142.78522,69156.36461,23.7,0.16,5.01E+23,1.85E+23,5.22E+48,2.86E+48,48.71770967,0.2375769248
00 51 21.60,-72 44 14.9,O7.5 V((f)),7.5,V,13.806,0.02013082214,-0.1875,0.03654449343,Average,-0.28,0,37976.26782,2494.255123,-3.567066667,0.3823269721,0.0922650765,0.03665423116,0.03495117981,0.03580270549,0.2522169922,0.1021410425,0.09554210819,0.09884157536,-5.423774905,0.1029439026,0.1083854992,0.1056647009,-9.003609622,0.4143270278,0.3890058262,0.401666427,5.497443849,0.1556023305,0.1657308111,0.1606665708,314371.9933,135455.69,99730.81771,117593.2539,24.06,0.16,1.15E+24,4.23E+23,1.17E+49,6.85E+48,49.06875492,0.2538341832
00 51 41.04,-73 13 35.0,O8,8,V,13.97,0.01,0.51,0.02,massey_only (V 12.9σ extreme disagreement; BV 2.98σ),-0.28,0,36504.38877,2256.107874,-3.467466667,0.3733394268,0.7901969246,0.01992359148,0.02008539703,0.02000449426,2.164885232,0.1147427736,0.1175665732,0.1161546734,-7.171565762,0.1195499746,0.1203210586,0.1199355166,-10.64300347,0.3700613703,0.3979551445,0.3840082574,6.153201389,0.1591820578,0.1480245481,0.153603303,1422988.608,629985.4183,410997.1631,520491.2907,23.94,0.16,8.71E+23,3.21E+23,4.71E+49,2.67E+49,49.67318126,0.2464163639
00 51 45.33,-72 33 45.3,O9.2 V,9.2,V,14.8545,0.01890105817,-0.1705,0.02138340478,Average,-0.28,0,32971.87905,1684.554477,-3.228426667,0.3517693182,0.1096823199,0.02132077124,0.02175617158,0.02153847141,0.3001787917,0.06084173231,0.06096421182,0.06090297207,-4.423050501,0.06951607279,0.0708327482,0.0701744105,-7.649937611,0.3564677009,0.3573809292,0.3569243151,4.955975045,0.1429523717,0.1425870804,0.142769726,90359.75526,35222.25151,25288.68276,30255.46713,23.652,0.16,4.49E+23,1.65E+23,2.32E+48,1.24E+48,48.36476045,0.2320784023
00 51 52.03,-73 10 34.1,O9.5-B0 V,9.5,V,14.3885,0.02739069185,-0.053,0.02933428029,Average,-0.28,0,32088.75162,1541.666128,-3.168666667,0.3463767911,0.2267412358,0.02974644746,0.03011194078,0.02992919412,0.6205748921,0.08790159739,0.08675987777,0.08733073758,-5.208998388,0.09691676529,0.09747137146,0.09719406837,-8.386463153,0.3554139991,0.3522330174,0.3538235083,5.250585261,0.140893207,0.1421655997,0.1415294033,178067.746,68240.23068,49710.71536,58975.47302,23.58,0.16,3.80E+23,1.40E+23,4.31E+48,2.28E+48,48.63453417,0.2293387313
00 51 53.14,-72 31 48.7,O9.7 V:ne,9.7,V,14.45,0.02,-0.11,0.02,Massey,-0.27,0,31500,1446.407228,-3.128826667,0.342781773,0.159327832,0.02051351851,0.01896047991,0.01973699921,0.4358118113,0.06192315603,0.05556852599,0.05874584101,-4.963734751,0.06808796952,0.0719654942,0.07002673186,-8.101102163,0.3498596432,0.3489410679,0.3494003556,5.136440865,0.1395764272,0.1399438573,0.1397601422,136911.7954,51894.85708,37715.14475,44805.00091,23.532,0.16,3.40E+23,1.25E+23,3.20E+48,1.67E+48,48.50455884,0.2269266469
00 51 58.40,-73 15 49.0,O8 III((f)),8,III,14.284,0.02402602755,-0.0875,0.0262202212,Average,-0.27,0,35049.9587,1348.089942,-3.3649,0.1225632226,0.1828529917,0.02560435362,0.02654638743,0.02607537052,0.4991952614,0.07534280433,0.07362097932,0.07448189182,-5.191052853,0.08027938131,0.08665929487,0.08346933809,-8.557768277,0.1504070801,0.1526639372,0.1515355087,5.319107311,0.06106557489,0.06016283204,0.06061420346,208500.6009,31478.20377,26972.24283,29225.2233,23.77,0.14,5.89E+23,1.90E+23,5.49E+48,2.11E+48,48.73971746,0.1665483731
00 51 58.94,-72 16 38.5,O8 V,8,V,15.1835,0.01920937271,-0.174,0.02737243139,Average,-0.28,0,36504.38877,2256.107874,-3.467466667,0.3733394268,0.1054911298,0.02664271964,0.02653317696,0.0265879483,0.2889146816,0.07492159948,0.07450948356,0.07471554152,-4.083742841,0.08615906618,0.08344372365,0.08480139492,-7.550642445,0.3829824003,0.3794564132,0.3812194068,4.916256978,0.1517825653,0.1531929601,0.1524877627,82462.59212,34497.99656,24511.18022,29504.58839,23.94,0.16,8.71E+23,3.21E+23,2.73E+48,1.54E+48,48.43623685,0.2457225417
00 52 00.61,-73 29 25.7,O9.5 V,9.5,V,15.182,0.02470323865,0.0225,0.02864437117,Average,-0.28,0,32088.75162,1541.666128,-3.168666667,0.3463767911,0.3016874102,0.02850172467,0.02691166641,0.02770669554,0.8248257782,0.08874406899,0.08299398472,0.08586902685,-4.622118286,0.09196063176,0.09525463685,0.09360763431,-7.783000447,0.3523115293,0.358820755,0.3555661422,5.009200179,0.143528302,0.1409246117,0.1422264569,102141.018,40002.96508,28303.75889,34153.36199,23.58,0.16,3.80E+23,1.40E+23,2.47E+48,1.31E+48,48.39314908,0.2297695513
00 52 01.29,-72 24 09.0,O7 V-IIInnnpe,7,IV,14.119,0.01486606875,-0.034,0.0173781472,Average,-0.28,0,37993.7168,1364.987833,-3.5641,0.151895501,0.2462509251,0.01725958497,0.01700216886,0.01713087691,0.6755723085,0.05623200585,0.05752823343,0.05688011964,-5.532891508,0.0656497047,0.06785209338,0.06675089904,-9.098235052,0.1617307692,0.1644051781,0.1630679737,5.535294021,0.06576207123,0.0646923077,0.06522718946,342999.9239,56076.52898,47469.82909,51773.17904,24.01,0.14,1.02E+24,3.30E+23,1.14E+49,4.36E+48,49.05580709,0.1665824782
00 52 02.20,-72 39 29.9,O7.5 V(n),7.5,V,14.52,0.02,-0.11,0.02,Massey,-0.28,0,37976.26782,2494.255123,-3.567066667,0.3823269721,0.1705843276,0.01963601845,0.02027861272,0.01995731558,0.4671572848,0.05874678389,0.05865094774,0.05869886581,-4.923838851,0.07100305928,0.07053311779,0.07076808854,-8.496139012,0.3901357071,0.3725315243,0.3813336157,5.294455605,0.1490126097,0.1560542828,0.1525334463,196995.1821,80635.98253,59463.95377,70049.96815,24.06,0.16,1.15E+24,4.23E+23,7.34E+48,4.21E+48,48.86576667,0.2487659499
00 52 04.95,-72 17 20.8,O9.5 V:(n),9.5,V,15.763,0.02817800561,-0.1825,0.02958039892,Average,-0.28,0,32088.75162,1541.666128,-3.168666667,0.3463767911,0.09825476395,0.0284417599,0.03009177243,0.02926676616,0.2683911478,0.07968673971,0.08281257214,0.08124965593,-3.481137594,0.08998943819,0.0928947935,0.09144211584,-6.644288324,0.3468713209,0.3525466705,0.3497089957,4.55371533,0.1410186682,0.1387485284,0.1398835983,35786.17901,13728.50418,9786.570706,11757.53744,23.58,0.16,3.80E+23,1.40E+23,8.66E+47,4.55E+47,47.93766424,0.2283267456
00 52 05.92,-73 04 25.4,O9.5 IIIpe,9.5,III,13.7885,0.06868223933,0.018,0.06972266489,Average,-0.26,0,30634.32155,1322.743105,-3.0661,0.07856480504,0.2783971879,0.06958278596,0.06942479821,0.06950379209,0.7604414792,0.2001753374,0.1903580206,0.195266679,-5.94843646,0.20566531,0.210901315,0.2082833125,-9.015229109,0.221571136,0.2211926378,0.2213818869,5.502091644,0.08847705514,0.08862845438,0.08855275476,317754.4521,71800.47507,58656.97193,65228.7235,23.41,0.14,2.57E+23,8.29E+22,6.26E+48,2.62E+48,48.79661877,0.1818457944
00 52 08.08,-73 32 47.7,O9 III,9,III,14.1845,0.01392838828,-0.1585,0.02437211521,Average,-0.26,0,32106.2006,1331.192051,-3.1657,0.09323094424,0.1012856699,0.02380396763,0.02345349169,0.02362872966,0.2774415483,0.06601230939,0.06632465546,0.06616848242,-5.06955178,0.075559993,0.07727030909,0.07641515104,-8.238245505,0.1226013029,0.1210172633,0.1218092831,5.191298202,0.0484069053,0.04904052115,0.04872371323,155345.3303,18316.79427,16587.44193,17452.1181,23.53,0.14,3.39E+23,1.09E+23,3.34E+48,1.27E+48,48.52430274,0.1648086998
00 52 08.31,-72 08 04.2,O9.7 II-Ib(n),9.7,I,13.488,0.007071067812,-0.181,0.008660254038,Average,-0.24,0,28463.1561,894.9732419,-2.7658,0.07564989535,0.05884249071,0.008532170441,0.008442915375,0.008487542908,0.1612168068,0.02437084163,0.0247050112,0.02453792641,-5.649876051,0.04027322484,0.04159524245,0.04093423365,-8.414620008,0.08566334888,0.08514577601,0.08540456245,5.261848003,0.0340583104,0.03426533955,0.03416182498,182746.052,14908.26939,13864.32413,14386.29676,23.302,0.15,2.00E+23,6.92E+22,3.77E+48,1.42E+48,48.57607598,0.1632502497
00 52 09.01,-72 06 10.6,O8 V,8,V,14.1165,0.04726520919,-0.239,0.05881326381,Average,-0.28,0,36504.38877,2256.107874,-3.467466667,0.3733394268,0.04131526024,0.05715456522,0.04131526024,0.04923491273,0.1132871917,0.1575657665,0.1132871917,0.1354264791,-4.97649624,0.124245164,0.168587651,0.1464164075,-8.462848126,0.3992005245,0.401548113,0.4003743188,5.28113925,0.1606192452,0.1596802098,0.1601497275,191046.5732,85493.76898,58777.27704,72135.52301,23.94,0.16,8.71E+23,3.21E+23,6.33E+48,3.65E+48,48.80111912,0.2505493662
00 52 10.82,-72 23 56.1,O6.5 Vn,6.5,V,14.6735,0.03020347662,-0.2135,0.03151586902,Average,-0.29,0,40920.02592,2970.549621,-3.766266667,0.4003020626,0.07612607308,0.03205396082,0.03166228157,0.0318581212,0.2072725697,0.0902354603,0.08628806339,0.08826176185,-4.511596163,0.09784477796,0.1004248961,0.09913483701,-8.288496786,0.4086029479,0.3998805513,0.4042417496,5.211398715,0.1599522205,0.1634411792,0.1616966998,162704.1829,72449.03978,51028.77816,61738.90897,24.3,0.16,2.00E+24,7.35E+23,7.82E+48,4.68E+48,48.89301531,0.2600946732
00 52 11.24,-72 07 04.0,O9.5 V,9.5,V,15,0.03,-0.21,0.03,Massey,-0.28,0,32088.75162,1541.666128,-3.168666667,0.3463767911,0.06974997119,0.02917044233,0.0293384778,0.02925446006,0.1906156925,0.08133465006,0.0798438116,0.08058923083,-4.168440891,0.09294260497,0.09168606035,0.09231433266,-7.342546065,0.3608056646,0.3517407095,0.3562731871,4.833018426,0.1406962838,0.1443222659,0.1425092748,68079.82666,26047.28025,19248.76571,22648.02298,23.58,0.16,3.80E+23,1.40E+23,1.65E+48,8.73E+47,48.21696733,0.2299447218
00 52 12.00,-72 06 38.9,O9.7 III,9.7,III,14.413,0.02280898946,-0.237,0.02815137652,Average,-0.26,0,30045.56993,1319.363527,-3.02626,0.07269834936,0.02216569288,0.02873416,0.02216569288,0.02544992644,0.06080523301,0.07826964976,0.06080523301,0.06953744138,-4.628559379,0.06822169723,0.08387692102,0.07604930912,-7.660158285,0.1022904254,0.1039260281,0.1031082268,4.960063314,0.04157041125,0.04091617018,0.04124329072,91214.38076,9162.50686,8201.182958,8681.844909,23.362,0.14,2.30E+23,7.42E+22,1.74E+48,6.59E+47,48.24030172,0.164681876
00 52 14.00,-73 19 18.8,O9.5 IIIe-B0 Ve,9.5,V,14.335,0.02,0.014,0.02,weighted (V 1.43σ; BV 1.16σ),-0.28,0,32088.75162,1541.666128,-3.168666667,0.3463767911,0.2940814537,0.02018055699,0.02038527897,0.02028291798,0.8047152325,0.06891977105,0.06687005389,0.06789491247,-5.446915348,0.07740279923,0.08004343003,0.07872311463,-8.615708033,0.3495727547,0.3528585028,0.3512156288,5.342283213,0.1411434011,0.1398291019,0.1404862515,219929.3639,84457.99637,60541.91797,72499.95717,23.58,0.16,3.80E+23,1.40E+23,5.32E+48,2.80E+48,48.72623212,0.228696455
00 52 17.14,-72 08 46.8,O9.7 III:e,9.7,III,13.068,0.007071067812,-0.011,0.008660254038,Average,-0.26,0,30045.56993,1319.363527,-3.02626,0.07269834936,0.2490816461,0.00866550434,0.008606078751,0.008635791546,0.6827564727,0.03988424113,0.04072081284,0.04030252699,-6.591659659,0.0515421734,0.05263765854,0.05208991597,-9.618199923,0.08658625984,0.09271606148,0.08965116066,5.743279969,0.03708642459,0.03463450394,0.03586046426,553706.9432,49361.20882,42442.64657,45901.9277,23.362,0.14,2.30E+23,7.42E+22,1.06E+49,3.97E+48,49.02351838,0.1634169029
00 52 20.37,-72 09 10.2,O9.5 III,9.5,III,14.3075,0.0196468827,-0.244,0.02471841419,Average,-0.26,0,30634.32155,1322.743105,-3.0661,0.07856480504,0.01668295578,0.02445264084,0.01668295578,0.02056779831,0.04530341012,0.06747823414,0.04530341012,0.05639082213,-4.718900554,0.05685026008,0.0727613331,0.06480579659,-7.792279213,0.1015231888,0.1000174207,0.1007703047,5.012911685,0.04000696826,0.04060927552,0.04030812189,103017.661,9940.770504,9196.152856,9568.46168,23.41,0.14,2.57E+23,8.29E+22,2.03E+48,7.66E+47,48.30743881,0.1638628917
00 52 24.42,-72 40 39.0,O9.7 III:nnnpe+,9.7,III,14.1365,0.0196468827,-0.077,0.02412467616,Average,-0.26,0,30045.56993,1319.363527,-3.02626,0.07269834936,0.1833123622,0.02259297398,0.02386646711,0.02322972055,0.500484259,0.07031988644,0.06753466804,0.06892727724,-5.341900094,0.07832233804,0.07974015898,0.07903124851,-8.367476684,0.1052596485,0.1057120451,0.1054858468,5.242990674,0.04228481802,0.0421038594,0.04219433871,174980.9113,17893.89005,16167.63168,17030.76086,23.362,0.14,2.30E+23,7.42E+22,3.34E+48,1.27E+48,48.52322908,0.1649226287
00 52 30.86,-73 13 39.0,O9-B0pe,9.5,V,14.8075,0.02280898946,0.149,0.02625357119,Average,-0.28,0,32088.75162,1541.666128,-3.168666667,0.3463767911,0.4288984435,0.02590822731,0.02634519408,0.02612671069,1.173910518,0.09186631353,0.09006883757,0.09096757555,-5.345615802,0.09919365991,0.09673079913,0.09796222952,-8.515628371,0.3589500469,0.3540102524,0.3564801497,5.302251348,0.141604101,0.1435800188,0.1425920599,200563.2453,77315.57701,56460.80462,66888.19081,23.58,0.16,3.80E+23,1.40E+23,4.86E+48,2.57E+48,48.68620025,0.2299960374
00 52 34.66,-72 42 52.4,O9 V,9,V,14.392,0.01844586675,-0.1745,0.02508485599,Average,-0.28,0,33560.63067,1779.813377,-3.268266667,0.3553643363,0.106076126,0.02514886657,0.02528736539,0.02521811598,0.289952455,0.07217936369,0.06847997569,0.07032966969,-4.875310597,0.07994928071,0.08080612839,0.08037770455,-8.138191702,0.3628851534,0.3691540142,0.3660195838,5.151276681,0.1476616057,0.1451540614,0.1464078335,141669.605,57369.44528,40249.83551,48809.64039,23.7,0.16,5.01E+23,1.85E+23,3.78E+48,2.05E+48,48.57731642,0.2356325642
00 52 35.92,-72 11 39.1,O7 Vn,7,V,14.162,0.02507987241,-0.2355,0.02872281323,Average,-0.29,0,39448.14687,2732.402372,-3.666666667,0.3913145173,0.05412891093,0.02786698839,0.02887671898,0.02837185368,0.1473883872,0.0767320695,0.07834560742,0.07753883846,-4.962275517,0.08514034985,0.08796738611,0.08655386798,-8.645729269,0.4081582018,0.3845565424,0.3963573721,5.354291708,0.1538226169,0.1632632807,0.1585429488,226095.3902,96096.29222,70846.52721,83471.40972,24.18,0.16,1.51E+24,5.58E+23,9.54E+48,5.61E+48,48.97954547,0.2553711109
00 52 44.01,-72 36 52.7,O6.5 V((f)),6.5,V,13.827,0.01346291202,-0.1565,0.01871496727,Average,-0.29,0,40920.02592,2970.549621,-3.766266667,0.4003020626,0.1329446769,0.01944606399,0.01785424125,0.01865015262,0.3649698137,0.05471413351,0.05224045827,0.05347729589,-5.514334835,0.0626870982,0.06674536397,0.06471623108,-9.284547153,0.4118243034,0.4153832208,0.4136037621,5.609818861,0.1661532883,0.1647297214,0.1654415049,407210.3999,189786.6085,128541.0911,159163.8498,24.3,0.16,2.00E+24,7.35E+23,1.96E+49,1.18E+49,49.29143545,0.2624391508
00 52 45.10,-72 28 43.8,O9-B0e,9.5,V,14.65,0.03,-0.1,0.03,massey_only (V 3.05σ borderline strong; BV 1.13σ),-0.28,0,32088.75162,1541.666128,-3.168666667,0.3463767911,0.1802963406,0.03069563124,0.02976370417,0.03022966771,0.4930414195,0.08612505015,0.08172236747,0.08392370881,-4.820698394,0.09196241148,0.09544320568,0.09370280858,-7.986241519,0.35952091,0.3531868346,0.3563538723,5.090496608,0.1412747338,0.143808364,0.1425415489,123167.6365,47350.79985,34719.59023,41035.19504,23.58,0.16,3.80E+23,1.40E+23,2.98E+48,1.58E+48,48.47444551,0.2299647252
00 52 47.55,-72 11 42.5,O9.7 IV,9.7,IV,15.3635,0.02358495283,-0.201,0.0285,Average,-0.26,0,30045.56993,1319.363527,-3.02626,0.07269834936,0.05838804749,0.02901469156,0.02797726943,0.02849598049,0.1598448343,0.07922120093,0.07629797936,0.07775959015,-3.773319564,0.08578917192,0.0906532568,0.08822121436,-6.803123009,0.1144920302,0.1136484678,0.114070249,4.617249204,0.04545938711,0.04579681209,0.0456280996,41423.73012,4571.054624,4145.748244,4358.401434,23.362,0.14,2.30E+23,7.42E+22,7.90E+47,3.02E+47,47.89748761,0.1658343593
00 52 48.74,-72 11 02.5,O9.2 V,9.2,V,14.8105,0.01920937271,-0.196,0.02376972865,Average,-0.28,0,32971.87905,1684.554477,-3.228426667,0.3517693182,0.08400857747,0.02340540626,0.02349818752,0.02345179689,0.2296075631,0.06512161753,0.06506198871,0.06509180312,-4.396056303,0.07468816984,0.07768719128,0.07618768056,-7.622603285,0.3496677152,0.3549565765,0.3523121459,4.945041314,0.1419826306,0.1398670861,0.1409248583,88113.26904,34073.43377,24261.30959,29167.37168,23.652,0.16,4.49E+23,1.65E+23,2.26E+48,1.20E+48,48.35382671,0.2309480588
00 52 49.50,-72 08 26.9,O9 III,9,III,13.977,0.03090711892,-0.263,0.03413942003,Average,-0.26,0,32106.2006,1331.192051,-3.1657,0.09323094424,0,0.03181884616,0,0.01590942308,0,0.08582059814,0,0.04291029907,-5.02588464,0.0546771984,0.07682813404,0.06575266622,-8.196431872,0.1061524559,0.1183275376,0.1122399967,5.174572749,0.04733101503,0.04246098234,0.04489599869,149476.4411,17211.33939,13922.61933,15566.97936,23.53,0.14,3.39E+23,1.09E+23,3.22E+48,1.21E+48,48.50757728,0.163717922
00 52 49.72,-72 44 15.3,O4 V: + early B,4,V,14.503,0.01562049935,-0.2285,0.01754992877,Average,-0.3,0,48279.42117,4161.285865,-4.264266667,0.4452397889,0.07188443074,0.01763090114,0.01792667641,0.01777878877,0.1960980575,0.04929250214,0.04821901937,0.04875576076,-4.67053101,0.06106472516,0.06224599158,0.06165535837,-8.930028493,0.4267592891,0.4447347636,0.4357470263,5.468011397,0.1778939054,0.1707037156,0.1742988105,293772.6745,148719.2079,95479.5383,122099.3731,24.9,0.16,7.94E+24,2.93E+24,2.90E+49,1.87E+49,49.46232337,0.2799986587
00 52 52.30,-72 48 30.2,O9.2 IIIpe,9.2,III,14.2775,0.01676305461,-0.0245,0.02159282288,Average,-0.26,0,31517.44898,1327.812472,-3.12586,0.08736448856,0.2358114071,0.0213199518,0.02171387096,0.02151691138,0.6442810799,0.06983040714,0.06498472729,0.06740756721,-5.34382974,0.07460525955,0.07892402051,0.07676464003,-8.474470084,0.1122989273,0.1126456419,0.1124722846,5.285788034,0.04505825675,0.04491957094,0.04498891384,193102.5611,21110.67057,18974.62064,20042.6456,23.482,0.14,3.03E+23,9.78E+22,4.01E+48,1.52E+48,48.60294399,0.1642566337
00 52 53.48,-72 55 32.1,O8.5 V,8.5,V,14.969,0.02156965461,-0.174,0.02377498686,Average,-0.28,0,35032.50972,2017.960626,-3.367866667,0.3643518816,0.1059361822,0.02342109268,0.02363922995,0.02353016132,0.2900622889,0.0656006197,0.06624930535,0.06592496252,-4.296433778,0.07311162372,0.0789881377,0.07604988071,-7.671017675,0.3689584993,0.3667475106,0.367853005,4.96440707,0.1466990043,0.1475833997,0.147141202,92131.27267,37022.19818,26543.38052,31782.78935,23.82,0.16,6.61E+23,2.43E+23,2.73E+48,1.50E+48,48.43588226,0.239298351
00 52 55.04,-72 44 30.4,O9 V,9,V,15.118,0.063,-0.205,0.06476109943,Zaritsky,-0.28,0,33560.63067,1779.813377,-3.268266667,0.3553643363,0.07560509479,0.0638559434,0.06387588587,0.06386591463,0.2064856307,0.1761440244,0.1741264307,0.1751352275,-4.067088243,0.171392081,0.1862055864,0.1787988337,-7.349627063,0.3889763304,0.4096418647,0.3993090975,4.835850825,0.1638567459,0.1555905321,0.159723639,68525.28116,31407.40859,20633.57665,26020.49262,23.7,0.16,5.01E+23,1.85E+23,1.83E+48,1.03E+48,48.26189056,0.2441292536
00 52 56.32,-72 45 54.7,O8 V(n),8,V,14.534,0.02416609195,-0.202,0.02596632435,Average,-0.28,0,36504.38877,2256.107874,-3.467466667,0.3733394268,0.07838797379,0.02554217617,0.02596244943,0.0257523128,0.2146308786,0.07110797978,0.07204274873,0.07157536426,-4.657396448,0.08006497475,0.08156603331,0.08081550403,-8.132443367,0.3922526106,0.3737181455,0.382985378,5.148977347,0.1494872582,0.1569010442,0.1531941512,140921.5293,57900.54729,42729.48472,50315.01601,23.94,0.16,8.71E+23,3.21E+23,4.67E+48,2.64E+48,48.66895722,0.2461615276
00 52 57.34,-72 38 04.1,O9.5 III,9.5,III,13.914,0.01439618005,-0.1305,0.01752854814,Average,-0.26,0,30634.32155,1322.743105,-3.0661,0.07856480504,0.1293650023,0.01740312866,0.0182785119,0.01784082028,0.3532124959,0.05285044339,0.05062729853,0.05173887096,-5.416930058,0.06194242311,0.06327071041,0.06260656676,-8.485094526,0.1029092441,0.09862175617,0.1007655001,5.29003781,0.03944870247,0.04116369764,0.04030620005,195001.4364,18542.14048,17633.90853,18088.0245,23.41,0.14,2.57E+23,8.29E+22,3.84E+48,1.45E+48,48.58456494,0.163862419
00 53 00.24,-72 40 27.5,O7.5 Vn,7.5,V,14.3115,0.02147091055,-0.2265,0.0333354166,Average,-0.28,0,37976.26782,2494.255123,-3.567066667,0.3823269721,0.05367374945,0.03228473307,0.03331832616,0.03280152961,0.1461041111,0.0892184451,0.09123207595,0.09022526052,-4.812220894,0.09918227663,0.0969867171,0.09808449686,-8.366694639,0.3904450878,0.4036975334,0.3970713106,5.242677856,0.1614790134,0.1561780351,0.1588285242,174854.92,78749.52949,52815.58707,65782.55828,24.06,0.16,1.15E+24,4.23E+23,6.52E+48,3.79E+48,48.81398892,0.2526747825
00 53 03.78,-72 39 26.1,O8.5 V,8.5,V,13.54,0.01,-0.19,0.01,Massey,-0.28,0,35032.50972,2017.960626,-3.367866667,0.3643518816,0.09009657818,0.009734039208,0.009855936847,0.009794988028,0.246666622,0.02972146636,0.03018694992,0.02995420814,-5.683384433,0.04506788925,0.0457959442,0.04543191673,-9.055099009,0.3460761202,0.3677558346,0.3569159774,5.518039604,0.1471023339,0.1384304481,0.142766391,329639.7712,132892.4089,89972.2457,111432.3273,23.82,0.16,6.61E+23,2.43E+23,9.76E+48,5.32E+48,48.98951479,0.2366334927
00 53 08.67,-72 46 50.8,O9.5 III:,9.5,III,14.4435,0.01802775638,-0.175,0.02165640783,Average,-0.26,0,30634.32155,1322.743105,-3.0661,0.07856480504,0.08476039852,0.0208997158,0.02110257502,0.02100114541,0.2314141834,0.0586976719,0.057621623,0.05815964745,-4.766493518,0.07019075054,0.06728657464,0.06873866259,-7.830225936,0.1007711043,0.1076683726,0.1042197385,5.028090375,0.04306734903,0.04030844174,0.04168789538,106681.8098,11121.56269,9455.918518,10288.74061,23.41,0.14,2.57E+23,8.29E+22,2.10E+48,7.95E+47,48.3226175,0.164207744
00 53 09.35,-72 53 31.4,O7,7,V,14.481,0.01802775638,-0.2035,0.02252221126,Average,-0.29,0,39448.14687,2732.402372,-3.666666667,0.3913145173,0.0872356884,0.02183915508,0.02269004314,0.02226459911,0.2383505748,0.06147521383,0.06202129388,0.06174825385,-4.733343243,0.07062210069,0.07301329659,0.07181769864,-8.411698103,0.3934619052,0.3845907118,0.3890263085,5.260679241,0.1538362847,0.1573847621,0.1556105234,182254.9118,77471.14745,55403.73889,66437.44317,24.18,0.16,1.51E+24,5.58E+23,7.69E+48,4.49E+48,48.88593301,0.2535609841
00 53 12.86,-72 37 00.0,O6 V((f)),6,V,14.121,0.01523975065,-0.1725,0.03013718633,Average,-0.3,0,42391.90497,3208.69687,-3.865866667,0.4092896079,0.1269551932,0.02967255487,0.02933601656,0.02950428572,0.3470023516,0.08453543822,0.08041991613,0.08247767718,-5.204256292,0.08984411987,0.08860104256,0.08922258121,-9.073717363,0.4116712745,0.3984137722,0.4050425233,5.525486945,0.1593655089,0.1646685098,0.1620170093,335341.224,148666.6912,105822.3002,127244.4957,24.42,0.16,2.63E+24,9.69E+23,1.84E+49,1.12E+49,49.26571541,0.262942806
00 53 21.66,-72 11 52.3,O9.7 V(n),9.7,V,15.554,0.029,-0.191,0.04244997055,Zaritsky,-0.27,0,31500,1446.407228,-3.128826667,0.342781773,0.07877247762,0.04134558776,0.04126576175,0.04130567476,0.2136053405,0.1173830853,0.1117203394,0.1145517123,-3.638743699,0.1212300885,0.1207449345,0.1209875115,-6.762195464,0.3617199145,0.368896335,0.3653081247,4.600878186,0.147558534,0.1446879658,0.1461232499,39891.29981,16140.78189,11302.87545,13721.82867,23.532,0.16,3.40E+23,1.25E+23,9.31E+47,4.95E+47,47.96899616,0.2308999998
00 53 24.44,-72 33 10.0,O7 V(f),7,V,14.92,0.01984943324,-0.1615,0.02200568108,Average,-0.29,0,39448.14687,2732.402372,-3.666666667,0.3913145173,0.128120931,0.02272542494,0.02176063698,0.02224303096,0.3514727673,0.06424085269,0.06263913902,0.06343999586,-4.407342542,0.07193661195,0.07426267811,0.07309964503,-8.070126715,0.3852944554,0.3983044853,0.3917994703,5.124050686,0.1593217941,0.1541177821,0.1567197881,133060.9702,58970.53255,39749.95723,49360.24489,24.18,0.16,1.51E+24,5.58E+23,5.61E+48,3.29E+48,48.74930445,0.2542432489
00 53 29.99,-72 41 44.6,O5f?p,5,V,14.012,0.02147091055,-0.172,0.05857687257,Average,-0.3,0,45335.66307,3684.991368,-4.065066667,0.4272646984,0.1271278345,0.06018880859,0.05690150542,0.058545157,0.3479695362,0.1679475928,0.1566750749,0.1623113339,-5.313232303,0.1604946066,0.1718243447,0.1661594756,-9.372822773,0.4564723413,0.4598981866,0.4581852639,5.645129109,0.1839592747,0.1825889365,0.1832741056,441701.7405,232963.579,151606.7871,192285.1831,24.66,0.16,4.57E+24,1.68E+24,3.23E+49,2.09E+49,49.50872941,0.2812959272
00 53 36.24,-72 25 28.1,O8 V,8,V,14.72,0.03,-0.08,0.03,massey_only (V 8.5σ strong disagreement; BV 2.46σ),-0.28,0,36504.38877,2256.107874,-3.467466667,0.3733394268,0.2008892065,0.02900322844,0.03103306292,0.03001814568,0.5482375098,0.08749081602,0.08667516087,0.08708298845,-4.807005855,0.09670752977,0.09753086369,0.09711919673,-8.272334442,0.3848227333,0.3840869845,0.3844548589,5.204933777,0.1536347938,0.1539290933,0.1537819436,160300.0942,68032.84775,47838.38401,57935.61588,23.94,0.16,8.71E+23,3.21E+23,5.31E+48,3.01E+48,48.72491365,0.2465277588
00 53 40.08,-72 12 05.0,O9.7 V(n),9.7,V,15.05,0.03,-0.02,0.03,massey_only (V 12.1σ strong disagreement; BV 1.22σ),-0.27,0,31500,1446.407228,-3.128826667,0.342781773,0.2500306109,0.02936111582,0.02938664798,0.0293738819,0.6830564931,0.0897997331,0.08718727921,0.08849350615,-4.611402517,0.09697238908,0.09660227574,0.09678733241,-7.747553707,0.3546288997,0.3481055831,0.3513672414,4.995021483,0.1392422332,0.1418515599,0.1405468966,98860.19973,37366.96468,27546.99987,32456.98228,23.532,0.16,3.40E+23,1.25E+23,2.31E+48,1.21E+48,48.36313946,0.2274120399
00 53 44.56,-73 12 37.3,O7-8.5 Vpe,8,V,14.3555,0.01868154169,0.036,0.02736786437,Average,-0.28,0,36504.38877,2256.107874,-3.467466667,0.3733394268,0.3161728255,0.02719320564,0.02752896418,0.02736108491,0.8651747097,0.08563611262,0.08312144732,0.08437877997,-5.486082948,0.08994340331,0.09486189022,0.09240264677,-8.945333949,0.3677940003,0.3884510937,0.378122547,5.47413358,0.1553804375,0.1471176001,0.1512490188,297943.2714,128159.1652,85611.01178,106885.0885,23.94,0.16,8.71E+23,3.21E+23,9.87E+48,5.56E+48,48.99411345,0.2449557417
00 53 49.46,-72 16 44.2,O9.2 V(n),9.2,V,14.8745,0.01844586675,-0.1365,0.02052437575,Average,-0.28,0,32971.87905,1684.554477,-3.228426667,0.3517693182,0.1437915004,0.0204576092,0.02011987115,0.02028874018,0.3931211233,0.05915209191,0.057253864,0.05820297796,-4.496933357,0.06860120281,0.06926402024,0.06893261152,-7.721019218,0.3519268359,0.3446128145,0.3482698252,4.984407687,0.1378451258,0.1407707344,0.1393079301,96473.42277,36037.8462,26708.52378,31373.18499,23.652,0.16,4.49E+23,1.65E+23,2.47E+48,1.31E+48,48.39319309,0.2299649746
00 54 13.82,-72 20 44.0,O9.7 V,9.7,V,15.031,0.02086264605,-0.179,0.02292378677,Average,-0.27,0,31500,1446.407228,-3.128826667,0.342781773,0.09095110986,0.02255031032,0.02317900039,0.02286465536,0.2491429554,0.06264239507,0.06414060852,0.0633915018,-4.195097144,0.07492673687,0.07380053873,0.0743636378,-7.325172178,0.3411596474,0.3383684923,0.3397640698,4.826068871,0.1353473969,0.1364638589,0.1359056279,66999.08493,24499.8983,18065.72676,21282.81253,23.532,0.16,3.40E+23,1.25E+23,1.56E+48,8.09E+47,48.19418685,0.2245732518
00 54 17.02,-72 14 20.8,O9.7 Vnn,9.7,V,15.896,0.142,-0.138,0.1445441109,Zaritsky,-0.27,0,31500,1446.407228,-3.128826667,0.342781773,0.1285037094,0.1491816741,0.1285037094,0.1388426918,0.3502757291,0.4110370381,0.3502757291,0.3806563836,-3.433396448,0.3382369721,0.4274909732,0.3828639727,-6.567620588,0.4714792608,0.5354023461,0.5034408034,4.523048235,0.2141609384,0.1885917043,0.2013763214,33346.34508,21255.73345,11746.20613,16500.96979,23.532,0.16,3.40E+23,1.25E+23,7.78E+47,4.83E+47,47.89116621,0.2692865176
00 54 33.45,-73 41 01.3,O9.5 III-V,9.5,V,14.6195,0.01486606875,-0.0215,0.02042057786,Average,-0.28,0,32088.75162,1541.666128,-3.168666667,0.3463767911,0.2583450448,0.020343962,0.01998014619,0.02016205409,0.706477189,0.06638104624,0.06338295076,0.0648819985,-5.063747082,0.07305045995,0.07661696352,0.07483371173,-8.241790162,0.3552225336,0.340184378,0.3477034558,5.192716065,0.1360737512,0.1420890134,0.1390813823,155853.3224,57347.96175,43489.35636,50418.65905,23.58,0.16,3.80E+23,1.40E+23,3.77E+48,1.98E+48,48.57666497,0.2278361529
00 54 38.23,-72 32 06.4,B1 III + O9.5 Ve,9.5,V,14.377,0.01972308292,-0.0875,0.02477902339,Average,-0.28,0,32088.75162,1541.666128,-3.168666667,0.3463767911,0.1921693794,0.02571344618,0.02431999501,0.02501672059,0.5266740195,0.07264388937,0.07143294534,0.07203841736,-5.12633038,0.07915699936,0.08395103464,0.081554017,-8.294518161,0.3470495394,0.358561424,0.3528054817,5.213807265,0.1434245696,0.1388198158,0.1411221927,163609.0286,64022.19567,44762.24053,54392.2181,23.58,0.16,3.80E+23,1.40E+23,3.96E+48,2.09E+48,48.59775617,0.2290876578
00 54 56.18,-72 26 47.9,O9 V,9,V,14.8285,0.01886796226,-0.0815,0.0213541565,Average,-0.28,0,33560.63067,1779.813377,-3.268266667,0.3553643363,0.198366879,0.02167100778,0.0206411518,0.02115607979,0.5437674234,0.06408754852,0.06286192089,0.0634747347,-4.692005676,0.07399795404,0.07541744173,0.07470769788,-7.968170627,0.3723653488,0.3592038566,0.3657846027,5.083268251,0.1436815426,0.1489461395,0.1463138411,121134.6115,47501.19483,35169.52358,41335.3592,23.7,0.16,5.01E+23,1.85E+23,3.23E+48,1.75E+48,48.50930799,0.2355741745
00 55 03.34,-72 55 21.7,O9,9,V,14.6405,0.01720465053,-0.1855,0.01839157416,Average,-0.28,0,33560.63067,1779.813377,-3.268266667,0.3553643363,0.09436813301,0.01797687545,0.01823696911,0.01810692228,0.2576323616,0.05091977005,0.05020190422,0.05056083713,-4.594398421,0.06236696741,0.06401103763,0.06318900252,-7.869191657,0.3602975459,0.3582268374,0.3592621916,5.043676663,0.143290735,0.1441190184,0.1437048767,110580.0199,43223.89835,31228.06189,37225.98012,23.7,0.16,5.01E+23,1.85E+23,2.95E+48,1.59E+48,48.4697164,0.2339626962
00 55 18.44,-72 38 52.0,O9.5 V,9.5,V,15.87,0.05,0.15,0.05,Massey,-0.28,0,32088.75162,1541.666128,-3.168666667,0.3463767911,0.4305082927,0.05052859776,0.05105128671,0.05078994224,1.179840663,0.1504517504,0.1510166264,0.1507341884,-4.287584816,0.1634102727,0.161417797,0.1624140348,-7.459389445,0.3806886232,0.3775426517,0.3791156375,4.879755778,0.1510170607,0.1522754493,0.151646255,75815.114,31527.66692,22422.60508,26975.136,23.58,0.16,3.80E+23,1.40E+23,1.84E+48,9.96E+47,48.26370468,0.2357164999
00 55 30.47,-72 27 15.8,O9.5 III,9.5,III,14.703,0.01929378138,-0.2075,0.02196588264,Average,-0.26,0,30634.32155,1322.743105,-3.0661,0.07856480504,0.05255759356,0.02171541574,0.02190005075,0.02180773324,0.1442305891,0.05960109356,0.06018347096,0.05989228226,-4.418651121,0.06946505121,0.06967402302,0.06956953711,-7.484509003,0.1015923326,0.1049886773,0.1032905049,4.889803601,0.0419954709,0.04063693304,0.04131620197,77589.61575,7877.504686,6930.748851,7404.126768,23.41,0.14,2.57E+23,8.29E+22,1.53E+48,5.78E+47,48.18433073,0.164113775
00 55 33.91,-72 02 43.8,O9.5 V,9.5,V,15.018,0.02018043607,-0.2075,0.0232271393,Average,-0.28,0,32088.75162,1541.666128,-3.168666667,0.3463767911,0.072813307,0.02277630932,0.0231640094,0.02297015936,0.1989382995,0.06334493453,0.06343625941,0.06339059697,-4.15726931,0.07451899987,0.07594577822,0.07523238904,-7.320748522,0.3430199613,0.3523179184,0.3476689398,4.824299409,0.1409271673,0.1372079845,0.1390675759,66726.66461,25578.6222,18075.70339,21827.16279,23.58,0.16,3.80E+23,1.40E+23,1.62E+48,8.47E+47,48.20824831,0.2278277251
00 55 35.64,-72 17 07.4,O9 IV,9,IV,15.181,0.01720465053,-0.155,0.01918984106,Average,-0.26,0,32106.2006,1331.192051,-3.1657,0.09323094424,0.1047506341,0.01962060794,0.01880782243,0.01921421519,0.2867076514,0.05551341516,0.05277533705,0.05414437611,-4.082363999,0.06437551099,0.06745010544,0.06591280821,-7.24968356,0.1165828889,0.1149778728,0.1157803809,4.795873424,0.04599114913,0.04663315558,0.04631215235,62499.05135,6981.710721,6363.205824,6672.458273,23.53,0.14,3.39E+23,1.09E+23,1.35E+48,5.08E+47,48.12887796,0.1641119214
00 55 52.85,-73 22 35.6,O7 If,7,I,13.468,0.007071067812,-0.171,0.008660254038,Average,-0.26,0,35254.6794,1214.280582,-3.3598,0.1053795013,0.08908045403,0.00846054746,0.008628716175,0.008544631817,0.2436066179,0.02674046806,0.02597538018,0.02635792412,-5.75319928,0.04259061157,0.04155526736,0.04207293947,-9.11275553,0.1124214425,0.110437969,0.1114297057,5.541102212,0.04417518759,0.04496857701,0.0445718823,347617.9646,37219.54872,34192.96417,35706.25645,23.95,0.15,8.91E+23,3.08E+23,1.35E+49,5.22E+48,49.13159533,0.1675312994
00 55 59.57,-72 23 31.5,O9 V,9,V,15.3175,0.01802775638,-0.099,0.02111871208,Average,-0.28,0,33560.63067,1779.813377,-3.268266667,0.3553643363,0.1809518675,0.0209656021,0.0208559558,0.02091077895,0.4943466968,0.06337419746,0.05938157503,0.06137788624,-4.154087736,0.07041930541,0.07394715537,0.07218323039,-7.42746073,0.3785408429,0.365911827,0.3722263349,4.866984292,0.1463647308,0.1514163372,0.148890534,73618.04707,29503.40581,21670.15173,25586.77877,23.7,0.16,5.01E+23,1.85E+23,1.96E+48,1.07E+48,48.29302403,0.2371831417
00 55 59.59,-72 19 54.3,O8 V,8,V,14.7705,0.01761391495,-0.05,0.0200124961,Average,-0.28,0,36504.38877,2256.107874,-3.467466667,0.3733394268,0.2298610727,0.0195881966,0.02021334179,0.0199007692,0.6270492212,0.06425268966,0.05738759047,0.06082014006,-4.835163262,0.07004425755,0.0737154026,0.07187983007,-8.307543191,0.3714966948,0.3818746551,0.376685675,5.219017276,0.152749862,0.1485986779,0.15067427,165583.5832,69795.10972,47980.52958,58887.81965,23.94,0.16,8.71E+23,3.21E+23,5.48E+48,3.09E+48,48.73899714,0.2446012783
00 56 01.65,-72 08 24.7,O8 V,8,V,15.1525,0.01720465053,-0.251,0.02069420209,Average,-0.28,0,36504.38877,2256.107874,-3.467466667,0.3733394268,0.02937320746,0.02015548687,0.02120945648,0.02068247167,0.07990374275,0.05574448189,0.05787529869,0.05680989029,-3.904439898,0.06345621372,0.06765498735,0.06555560053,-7.383910697,0.378967883,0.3749976131,0.376982748,4.849564279,0.1499990452,0.1515871532,0.1507930992,70723.58745,29175.91477,20837.76628,25006.84052,23.94,0.16,8.71E+23,3.21E+23,2.34E+48,1.32E+48,48.36954415,0.2446744949
00 56 03.93,-72 27 13.1,O9.5 V,9.5,V,14.87,0.02,-0.02,0.02,massey_only (V 18.3σ extreme disagreement; BV 2.87σ),-0.28,0,32088.75162,1541.666128,-3.168666667,0.3463767911,0.2601171567,0.02002824337,0.01996660754,0.01999742546,0.7114719629,0.0650894899,0.06321024403,0.06414986696,-4.818469207,0.07497321408,0.07831139851,0.07664230629,-7.97905098,0.34905974,0.3491178726,0.3490888063,5.087620392,0.139647149,0.139623896,0.1396355225,122354.6257,46404.60652,33639.73943,40022.17297,23.58,0.16,3.80E+23,1.40E+23,2.96E+48,1.56E+48,48.4715693,0.228174847
00 56 04.35,-72 15 41.1,O9 IV,9,IV,15.497,0.01972308292,-0.257,0.02283090011,Average,-0.26,0,32106.2006,1331.192051,-3.1657,0.09323094424,0.002700302156,0.02226329774,0.002700302156,0.01248179995,0.007440344381,0.06132412411,0.007440344381,0.03438223424,-3.503995944,0.04773007961,0.05792417634,0.05282712798,-6.672846296,0.1054967427,0.1101381303,0.1078174365,4.565138518,0.04405525214,0.04219869708,0.04312697461,36739.9464,3922.524983,3401.924986,3662.224985,23.53,0.14,3.39E+23,1.09E+23,7.91E+47,2.97E+47,47.89814305,0.1632416713
00 56 12.28,-73 05 50.8,O9.5 III + B,9.5,III,13.408,0.007071067812,-0.171,0.008660254038,Average,-0.26,0,30634.32155,1322.743105,-3.0661,0.07856480504,0.08906646405,0.008539252776,0.008528502455,0.008533877616,0.2431700267,0.02698105883,0.02504842369,0.02601474126,-5.812924114,0.04198561286,0.04367910484,0.04283235885,-8.881290242,0.08945362557,0.08832714232,0.08889038394,5.448516097,0.03533085693,0.03578145023,0.03555615358,280876.9476,23805.16209,22213.74714,23009.45461,23.41,0.14,2.57E+23,8.29E+22,5.53E+48,2.07E+48,48.74304322,0.1627591553
00 56 13.61,-72 42 56.7,O9.5 V,9.5,V,15.65,0.03,-0.193,0.03310589071,Zaritsky,-0.28,0,32088.75162,1541.666128,-3.168666667,0.3463767911,0.08748636935,0.03250481529,0.03448649424,0.03349565477,0.2388072918,0.09058863245,0.09396193978,0.09227528611,-3.564259271,0.1001735256,0.1020230343,0.10109828,-6.737293411,0.3735086925,0.354869723,0.3641892078,4.590917364,0.1419478892,0.149403477,0.1456756831,38986.77977,15071.87743,11348.3168,13210.09711,23.58,0.16,3.80E+23,1.40E+23,9.44E+47,5.04E+47,47.97486627,0.231920431
00 56 17.32,-72 17 28.7,O9 V,9,V,15.1725,0.02086264605,-0.1195,0.02569533032,Average,-0.28,0,33560.63067,1779.813377,-3.268266667,0.3553643363,0.1617892442,0.02508242995,0.02656198085,0.0258222054,0.4418272123,0.07191510341,0.07500549123,0.07346029732,-4.247100269,0.08371366159,0.08046173223,0.08208769691,-7.51803845,0.3619533726,0.3582133842,0.3600833784,4.90321538,0.1432853537,0.144781349,0.1440333514,80023.10284,31278.32536,22686.22626,26982.27581,23.7,0.16,5.01E+23,1.85E+23,2.13E+48,1.15E+48,48.32925512,0.2341645958
00 56 31.00,-72 18 53.4,O8.5 Vn,8.5,V,15.543,0.0219317122,-0.1785,0.04172828777,Average,-0.28,0,35032.50972,2017.960626,-3.367866667,0.3643518816,0.1023835763,0.04129629489,0.04264898455,0.04197263972,0.2782254649,0.1181600194,0.1150026979,0.1165813586,-3.712320957,0.1199741318,0.122852116,0.1214131239,-7.083971545,0.3867204888,0.3797066898,0.3832135893,4.729588618,0.1518826759,0.1546881955,0.1532854357,53652.33382,22462.84943,16077.2098,19270.02961,23.82,0.16,6.61E+23,2.43E+23,1.59E+48,8.89E+47,48.20106381,0.2431246435
00 56 33.68,-72 12 40.0,O9.5-B0:pe,9.7,V,14.68,0.02832401808,-0.002,0.07228070282,Average,-0.27,0,31500,1446.407228,-3.128826667,0.342781773,0.2702896318,0.07256215973,0.07425593286,0.07340904629,0.7395553513,0.2040831333,0.2054019203,0.2047425268,-5.03342699,0.2044487858,0.2142172501,0.2093330179,-8.166139015,0.3968645624,0.3898971116,0.393380837,5.162455606,0.1559588446,0.1587458249,0.1573523348,145363.58,62804.65254,44505.71162,53655.18208,23.532,0.16,3.40E+23,1.25E+23,3.39E+48,1.86E+48,48.53057358,0.2381649912
00 56 44.10,-72 03 31.7,O4 V,4,V,14.576,0.0495201979,-0.222,0.05286303056,Average,-0.3,0,48279.42117,4161.285865,-4.264266667,0.4452397889,0.07839771407,0.053827047,0.05280780841,0.0533174277,0.2142420515,0.149609141,0.1433915314,0.1465003362,-4.619089365,0.1529474155,0.1573198826,0.155133649,-8.897130184,0.4736977672,0.4673701128,0.47053394,5.454852074,0.1869480451,0.1894791069,0.188213576,285004.7369,153324.1944,100769.3718,127046.7831,24.9,0.16,7.94E+24,2.93E+24,2.81E+49,1.87E+49,49.44916405,0.2888659269
00 56 44.34,-72 29 06.5,O6.5-7: Vpe,7,V,14.5445,0.02549509757,-0.0635,0.02796873254,Average,-0.29,0,39448.14687,2732.402372,-3.666666667,0.3913145173,0.2265241939,0.02860666108,0.02721258891,0.02790962499,0.6187093424,0.08492943901,0.07765203725,0.08129073813,-5.05412012,0.09072863235,0.0890803207,0.08990447652,-8.718419888,0.4160431226,0.4033342046,0.4096886636,5.383367955,0.1613336818,0.166417249,0.1638754654,241750.8214,108760.1668,76953.27145,92856.71911,24.18,0.16,1.51E+24,5.58E+23,1.02E+49,6.08E+48,49.00862172,0.258715492
00 56 56.36,-72 49 06.8,O7-9,8,V,14.77,0.02,-0.08,0.02,Massey,-0.28,0,36504.38877,2256.107874,-3.467466667,0.3733394268,0.2001780462,0.02015449344,0.01980033773,0.01997741559,0.5479527689,0.06187224651,0.05913206406,0.06050215529,-4.755558818,0.07014530656,0.07190357032,0.07102443844,-8.230640449,0.3871511989,0.3602205538,0.3736858763,5.18825618,0.1440882215,0.1548604795,0.1494743505,154261.0142,60692.42662,46267.98948,53480.20805,23.94,0.16,8.71E+23,3.21E+23,5.11E+48,2.87E+48,48.70823605,0.2438639604
00 57 04.66,-73 33 55.2,O7-9 V,8,V,15.142,0.01890105817,-0.1565,0.0238222585,Average,-0.28,0,36504.38877,2256.107874,-3.467466667,0.3733394268,0.1240624562,0.02317637033,0.02349090023,0.02333363528,0.3395159298,0.06583066803,0.06474990065,0.06529028434,-4.174465444,0.07551761974,0.07778591261,0.07665176617,-7.644901549,0.3882772791,0.3776877063,0.3829824927,4.95396062,0.1510750825,0.1553109116,0.1531929971,89941.60227,37419.18612,27041.7379,32230.46201,23.94,0.16,8.71E+23,3.21E+23,2.98E+48,1.69E+48,48.47394049,0.2461608094
00 57 06.07,-72 01 59.5,O9.5 III,9.5,III,14.9825,0.02018043607,-0.1985,0.02347871376,Average,-0.26,0,30634.32155,1322.743105,-3.0661,0.07856480504,0.0612773233,0.02309816406,0.02362848001,0.02336332204,0.1677617083,0.06389038984,0.06495383834,0.06442211409,-4.162522391,0.07570100656,0.07570466541,0.07570283599,-7.22705539,0.1078728056,0.1094665763,0.1086696909,4.786822156,0.0437866305,0.04314912225,0.04346787638,61209.9685,6493.167647,5789.137463,6141.152555,23.41,0.14,2.57E+23,8.29E+22,1.21E+48,4.57E+47,48.08134928,0.1646686335
00 57 26.94,-72 33 13.6,O8.5 III((f)),8.5,III,13.98,0.01,-0.21,0.01,Massey,-0.27,0,33578.07965,1339.640996,-3.2653,0.1078970834,0.06006936976,0.01016723309,0.009397225803,0.009782229447,0.164793142,0.02864310069,0.02740159079,0.02802234574,-5.162690317,0.04398784551,0.04457602649,0.044281936,-8.427621465,0.1182795329,0.1138367023,0.1160581176,5.267048586,0.04553468093,0.04731181315,0.04642324704,184947.5516,20444.3269,19089.41846,19766.87268,23.65,0.14,4.47E+23,1.44E+23,4.39E+48,1.65E+48,48.64218536,0.1629680127
00 57 27.93,-72 00 26.2,O7 V,7,V,14.44,0.01439618005,-0.15,0.01842552577,Average,-0.29,0,39448.14687,2732.402372,-3.666666667,0.3913145173,0.1406184163,0.01853142951,0.01834978789,0.0184406087,0.3847182677,0.0556349706,0.05411251708,0.05487374384,-4.921928832,0.06540469879,0.0641185483,0.06476162354,-8.581870088,0.39580202,0.3969420169,0.3963720185,5.328748035,0.1587768068,0.158320808,0.1585488074,213180.7743,94092.53999,65124.35775,79608.44887,24.18,0.16,1.51E+24,5.58E+23,9.00E+48,5.29E+48,48.9540018,0.2553747481
00 57 29.45,-72 15 50.7,O9:,9,V,14.423,0.082,-0.462,0.1181058847,Zaritsky,-0.28,0,33560.63067,1779.813377,-3.268266667,0.3553643363,0,0,0,0,0,0,0,0,-4.559567516,0.09180339941,0.09227841722,0.09204090831,-7.829219295,0.3616638521,0.3819062781,0.3717850651,5.027687718,0.1527625113,0.1446655409,0.1487140261,106582.9457,44930.1765,30195.46576,37562.82113,23.7,0.16,5.01E+23,1.85E+23,2.84E+48,1.55E+48,48.45372746,0.2370723796
00 57 30.43,-71 53 47.7,O9 III,9,III,14.15,0.01,-0.17,0.01,massey_only (Zaritsky errors very large; weighted mean Massey-dominated),-0.26,0,32106.2006,1331.192051,-3.1657,0.09323094424,0.09006417943,0.01008271985,0.01013082937,0.01010677461,0.2464929887,0.02975700935,0.02997201749,0.02986451342,-5.074092772,0.04493323488,0.04288849021,0.04391086254,-8.238408612,0.101210292,0.103878688,0.10254449,5.191363445,0.0415514752,0.0404841168,0.041017796,155368.6688,15599.36611,13828.6243,14713.9952,23.53,0.14,3.39E+23,1.09E+23,3.34E+48,1.25E+48,48.52436798,0.1626971631
00 57 32.51,-72 28 51.1,O9.7 III + B1:,9.7,III,14.4215,0.01868154169,-0.121,0.02364846718,Average,-0.26,0,30045.56993,1319.363527,-3.02626,0.07269834936,0.1383219273,0.02325012832,0.02294913547,0.0230996319,0.3783639134,0.06627740728,0.06493569289,0.06560655009,-4.933291,0.07329239537,0.07626427495,0.07477833516,-7.958316921,0.09994875046,0.1028630393,0.1014058949,5.079326768,0.04114521573,0.03997950019,0.04056235796,120040.2161,11928.80213,10557.07011,11242.93612,23.362,0.14,2.30E+23,7.42E+22,2.29E+48,8.67E+47,48.35956517,0.1645126625
00 57 47.67,-72 17 18.3,O9.5 Ib,9.5,I,15.1475,0.01844586675,-0.173,0.0228582589,Average,-0.24,0,28966.2319,918.6256374,-2.8098,0.07785208839,0.06670247642,0.0228454573,0.02205450575,0.02244998152,0.182662694,0.06329240406,0.06134755892,0.06231998149,-4.012856011,0.07136086623,0.0734167158,0.07238879101,-6.825681292,0.1093553216,0.1049149805,0.1071351511,4.626272517,0.04196599219,0.04374212866,0.04285406042,42293.39192,4290.793893,4052.290737,4171.542315,23.35,0.15,2.24E+23,7.73E+22,9.08E+47,3.46E+47,47.9580647,0.1654437409
00 58 05.57,-72 26 04.3,O9.5 III,9.5,III,14.567,0.0158113883,-0.109,0.01870828693,Average,-0.26,0,30634.32155,1322.743105,-3.0661,0.07856480504,0.1511452046,0.01824919571,0.01790790796,0.01807855183,0.4134503934,0.05394239724,0.0524195034,0.05318095032,-4.824031589,0.06534471323,0.06466819603,0.06500645463,-7.890692822,0.1024667538,0.1009351772,0.1017009655,5.052277129,0.04037407086,0.04098670153,0.04068038619,112791.6966,10988.50922,10157.8918,10573.20051,23.41,0.14,2.57E+23,8.29E+22,2.22E+48,8.39E+47,48.34680426,0.1639548609
00 58 12.34,-72 26 12.2,O9.5 V,9.5,V,15.3375,0.01844586675,-0.085,0.02346273641,Average,-0.28,0,32088.75162,1541.666128,-3.168666667,0.3463767911,0.1947503141,0.02414727875,0.02267605489,0.02341166682,0.5323871227,0.07368425477,0.06661140049,0.07014782763,-4.174134425,0.07866224762,0.07960096203,0.07913160482,-7.339393468,0.3418797574,0.3477405487,0.344810153,4.831757387,0.1390962195,0.136751903,0.1379240612,67882.43107,25626.61113,18336.78619,21981.69866,23.58,0.16,3.80E+23,1.40E+23,1.64E+48,8.59E+47,48.21570629,0.2271315221
00 58 16.51,-72 38 50.5,O7.5 V,7.5,V,14.2435,0.04726520919,0.392,0.0836361166,Average,-0.28,0,37976.26782,2494.255123,-3.567066667,0.3823269721,0.6742166162,0.07880706883,0.08489766045,0.08185236464,1.845104685,0.2357958473,0.2428955044,0.2393456759,-6.576888074,0.2460270649,0.2441132977,0.2450701813,-10.14756555,0.4571177484,0.4408064109,0.4489620796,5.95502622,0.1763225644,0.1828470993,0.1795848319,901625.5956,451533.2679,309819.9267,380676.5973,24.06,0.16,1.15E+24,4.23E+23,3.36E+49,2.06E+49,49.52633729,0.2662118657
00 58 22.87,-72 17 51.8,O9.5 IV,9.5,IV,15.1745,0.01844586675,-0.153,0.02031009601,Average,-0.26,0,30634.32155,1322.743105,-3.0661,0.07856480504,0.1070861874,0.02028310847,0.02057272328,0.02042791587,0.2927768316,0.05822421195,0.0577822906,0.05800325127,-4.095989453,0.06768622028,0.06784575808,0.06776598918,-7.163412302,0.1030372556,0.1014670379,0.1022521467,4.761364921,0.04058681515,0.04121490224,0.04090085869,57725.13013,5654.797066,5226.252515,5440.524791,23.41,0.14,2.57E+23,8.29E+22,1.14E+48,4.30E+47,48.05589205,0.1640097034
00 58 24.44,-72 29 38.8,O9.7 V:n,9.7,V,15.588,0.024,-0.069,0.026,weighted (V 1.38σ; BV 2.37σ),-0.27,0,31500,1446.407228,-3.128826667,0.342781773,0.2012328052,0.0255246942,0.026613134,0.0260689141,0.5511600303,0.07492928628,0.07786941512,0.0763993507,-3.939931253,0.08610044231,0.08351362334,0.08480703283,-7.062024769,0.3627559837,0.3512867743,0.357021379,4.720809908,0.1405147097,0.1451023935,0.1428085516,52578.70783,20086.18173,14933.68939,17509.93556,23.532,0.16,3.40E+23,1.25E+23,1.23E+48,6.47E+47,48.08892789,0.228816713
00 58 24.52,-72 39 58.9,O7.5 V:n,7.5,V,14.35,0.02,-0.01,0.02,massey_only (V 18.1σ extreme disagreement; BV 2.92σ),-0.28,0,37976.26782,2494.255123,-3.567066667,0.3823269721,0.270156529,0.01966663983,0.01998292784,0.01982478384,0.7398108703,0.06366516754,0.0653380507,0.06450160912,-5.367919233,0.07810328966,0.07361995666,0.07586162316,-8.942998142,0.3977538712,0.3942583161,0.3960060937,5.473199257,0.1577033264,0.1591015485,0.1584024375,297302.9767,130164.0137,91193.6005,110678.8071,24.06,0.16,1.15E+24,4.23E+23,1.11E+49,6.44E+48,49.04451032,0.2524071667
00 58 25.70,-72 14 33.4,O9.5 V,9.5,V,15.54,0.04,-0.04,0.04,massey_only (V 5.37σ strong disagreement; BV 1.45σ),-0.28,0,32088.75162,1541.666128,-3.168666667,0.3463767911,0.2405921671,0.03898360778,0.04009948465,0.03954154621,0.6593835343,0.1111679307,0.1148020713,0.112985001,-4.095851056,0.1241518099,0.1228976146,0.1235247122,-7.252540103,0.3571922811,0.3830240191,0.3701081501,4.797016041,0.1532096076,0.1428769124,0.14804326,62663.70097,26507.71225,17567.57838,22037.64531,23.58,0.16,3.80E+23,1.40E+23,1.52E+48,8.15E+47,48.18096495,0.2334148421
00 58 27.23,-71 39 01.7,O9 V,9,V,14.987,0.029,-0.074,0.019,weighted (V 2.04σ; BV 1.08σ),-0.28,0,33560.63067,1779.813377,-3.268266667,0.3553643363,0.2064816863,0.01885148872,0.01898731571,0.01891940221,0.5635867761,0.06169814506,0.05639385805,0.05904600156,-4.554407349,0.07177232367,0.07504869277,0.07341050822,-7.823460255,0.3629921902,0.3524029018,0.357697546,5.025384102,0.1409611607,0.1451968761,0.1430790184,106019.0973,40652.24392,30128.62502,35390.43447,23.7,0.16,5.01E+23,1.85E+23,2.83E+48,1.52E+48,48.45142384,0.2335788028
00 58 29.27,-72 43 01.2,O9.7 Vn,9.7,V,14.794,0.02059126028,-0.2315,0.03013303835,Average,-0.27,0,31500,1446.407228,-3.128826667,0.342781773,0.03871433181,0.02948972585,0.02978823414,0.02963897999,0.1060719415,0.08045758962,0.08179002142,0.08112380552,-4.288479115,0.0845067123,0.09188976083,0.08819823657,-7.415181678,0.3310370385,0.3575189307,0.3442779846,4.862072671,0.1430075723,0.1324148154,0.1377111938,72790.15974,28386.47956,19129.27169,23757.87562,23.532,0.16,3.40E+23,1.25E+23,1.70E+48,8.83E+47,48.23019065,0.225670509
00 58 30.30,-72 22 15.9,O9.5 III-V,9.5,IV,15.0425,0.01761391495,-0.087,0.07072835358,Average,-0.26,0,30634.32155,1322.743105,-3.0661,0.07856480504,0.1738500754,0.07331329079,0.07113482464,0.07222405771,0.474335468,0.2029378887,0.194066541,0.1985022149,-4.408629194,0.193738715,0.2056802438,0.1997094794,-7.473003231,0.2065975953,0.2155967054,0.2110971504,4.885201292,0.08623868215,0.08263903814,0.08443886014,76771.72487,16863.65452,13302.63714,15083.14583,23.41,0.14,2.57E+23,8.29E+22,1.51E+48,6.27E+47,48.17972842,0.179878358
00 58 31.75,-72 10 58.0,OC7.5 Vz,7.5,V,14.862,0.01761391495,-0.1845,0.0270277635,Average,-0.28,0,37976.26782,2494.255123,-3.567066667,0.3823269721,0.09595208392,0.026868569,0.02631422991,0.02659139946,0.2620615906,0.07540218533,0.07250184728,0.0739520163,-4.376743922,0.08109432834,0.08196609634,0.08153021234,-7.939984716,0.3948306405,0.3914798124,0.3931552265,5.071993887,0.1565919249,0.1579322562,0.1572620906,118030.4021,51241.86528,35983.60528,43612.73528,24.06,0.16,1.15E+24,4.23E+23,4.40E+48,2.55E+48,48.64330495,0.2516930884
00 58 33.19,-71 55 46.7,O7 V(f)z,7,V,14.3,0.0158113883,-0.2095,0.02145343795,Average,-0.29,0,39448.14687,2732.402372,-3.666666667,0.3913145173,0.08064233751,0.02103792269,0.0209973135,0.0210176181,0.2201990847,0.05938982823,0.0577886944,0.05858926131,-4.899406231,0.07151622815,0.0673672896,0.06944175887,-8.553780152,0.3832401806,0.412134355,0.3976872678,5.317512061,0.164853742,0.1532960722,0.1590749071,207736.1416,95908.62686,61782.14599,78845.38643,24.18,0.16,1.51E+24,5.58E+23,8.77E+48,5.16E+48,48.94276583,0.2557017085
00 58 33.33,-72 39 32.2,O9 I,9,I,14.149,0.064,-0.098,0.100895986,Zaritsky,-0.25,0,30223.9214,977.7566263,-2.9198,0.08335757097,0.148501308,0.1001210601,0.09613670342,0.09812888177,0.4078257354,0.2744511444,0.264453237,0.2694521907,-5.237773923,0.2709431786,0.2792972987,0.2751202386,-8.159315665,0.2844371744,0.2952455797,0.2898413771,5.159726266,0.1180982319,0.1137748698,0.1159365508,144452.9041,45141.05843,33292.17249,39216.61546,23.47,0.15,2.95E+23,1.02E+23,3.45E+48,1.57E+48,48.53768321,0.1977360576
00 58 37.05,-72 13 59.8,O9.2 V,9.2,V,15.0125,0.01844586675,-0.1465,0.02346273641,Average,-0.28,0,32971.87905,1684.554477,-3.228426667,0.3517693182,0.1336363796,0.02325434635,0.02422363074,0.02373898854,0.3660452433,0.06598415514,0.06860748647,0.0672958208,-4.330055253,0.07726627821,0.07550704312,0.07638666066,-7.557059013,0.3615964712,0.3695094554,0.3655529633,4.918823605,0.1478037822,0.1446385885,0.1462211853,82951.37814,33629.51758,23496.83801,28563.17779,23.652,0.16,4.49E+23,1.65E+23,2.13E+48,1.15E+48,48.32760901,0.2342174741
00 58 45.95,-72 11 37.0,O9.5 V,9.5,V,15.5775,0.0262488095,-0.1845,0.02865745976,Average,-0.28,0,32088.75162,1541.666128,-3.168666667,0.3463767911,0.09571157798,0.0286715376,0.02912859018,0.02890006389,0.2621582716,0.08030815159,0.08121007323,0.08075911241,-3.660481623,0.09179047009,0.09111201019,0.09145124014,-6.826239596,0.3655008483,0.3578794853,0.3616901668,4.626495838,0.1431517941,0.1462003393,0.1446760667,42315.14554,16521.4632,12095.07324,14308.26822,23.58,0.16,3.80E+23,1.40E+23,1.02E+48,5.46E+47,48.01044474,0.2312938519
00 58 47.08,-72 13 01.8,O9.5 IIIpe,9.5,III,14.5895,0.01972308292,-0.0205,0.02283090011,Average,-0.26,0,30634.32155,1322.743105,-3.0661,0.07856480504,0.2393890442,0.02327483166,0.02229172356,0.02278327761,0.6557935851,0.06933673417,0.06739622544,0.06836647981,-5.043525365,0.07642873827,0.07977088756,0.07809981292,-8.114403511,0.1115801421,0.1094279145,0.1105040283,5.141761404,0.04377116578,0.04463205684,0.04420161131,138599.4173,14697.19946,13536.27182,14116.73564,23.41,0.14,2.57E+23,8.29E+22,2.73E+48,1.04E+48,48.43628853,0.1648638378
00 58 48.94,-72 09 52.1,O9 V,9,V,15.01,0.05,0.18,0.05,massey_only (V 9.9σ strong disagreement; BV 2.45σ),-0.28,0,33560.63067,1779.813377,-3.268266667,0.3553643363,0.4608866847,0.05022440943,0.05218451527,0.05120446235,1.25724902,0.1537455066,0.1487842684,0.1512648875,-5.229645484,0.1654535097,0.158976914,0.1622152119,-8.501123244,0.3931310201,0.3802505207,0.3866907704,5.296449298,0.1521002083,0.1572524081,0.1546763082,197901.5967,82996.96075,60118.1849,71557.57283,23.7,0.16,5.01E+23,1.85E+23,5.28E+48,2.93E+48,48.72248904,0.2408572439
00 58 55.22,-72 09 06.7,O7.5 Vnnz,7.5,V,15.368,0.04810405388,-0.205,0.04957822102,Average,-0.28,0,37976.26782,2494.255123,-3.567066667,0.3823269721,0.07570036125,0.04792633811,0.04901056211,0.04846845011,0.207478583,0.1295709155,0.1345661089,0.1320685122,-3.814627831,0.1431620106,0.1447597418,0.1439608762,-7.377622652,0.3952307302,0.4108509122,0.4030408212,4.847049061,0.1643403649,0.1580922921,0.1612163285,70315.17633,32342.03022,21454.80429,26898.41726,24.06,0.16,1.15E+24,4.23E+23,2.62E+48,1.53E+48,48.41836013,0.2541825135
00 58 57.40,-72 10 33.7,O3 V((f*c))z + ?,3,V,13.9345,0.03624913792,-0.3005,0.03834383914,Average,-0.3,0,51223.17927,4637.580363,-4.463466667,0.4632148794,0,0.03694526821,0,0.0184726341,0,0.1010854339,0,0.05054271695,-5.0706037,0.05909899243,0.09039411676,0.07474655459,-9.551089246,0.4765311008,0.4565629239,0.4665470123,5.716435698,0.1826251696,0.1906124403,0.1866188049,520517.9413,272094.4705,184916.9225,228505.6965,25.14,0.16,1.38E+25,5.09E+24,7.05E+49,4.73E+49,49.84792977,0.2918271564
00 58 58.24,-72 13 46.6,O9.7 III:,9.7,III,14.621,0.044,-0.167,0.04964876635,Zaritsky,-0.26,0,30045.56993,1319.363527,-3.02626,0.07269834936,0.09255841872,0.05006977679,0.04858628227,0.04932802953,0.2537913902,0.1379303378,0.133157512,0.1355439249,-4.608234537,0.1411933499,0.1540591701,0.14762626,-7.637485205,0.1622916688,0.1708652816,0.1665784752,4.950994082,0.06834611264,0.06491666751,0.06663139008,89329.33113,15224.55864,12402.57585,13813.56725,23.362,0.14,2.30E+23,7.42E+22,1.70E+48,6.78E+47,48.23123249,0.1727971452
00 58 58.54,-72 12 06.8,O9.5 V,9.5,V,16.146,0.03,-0.106,0.04242640687,Zaritsky,-0.28,0,32088.75162,1541.666128,-3.168666667,0.3463767911,0.1748658483,0.04291040446,0.04226023942,0.04258532194,0.4775993288,0.1218403308,0.1170891294,0.1194647301,-3.309177087,0.1266218849,0.1276012125,0.1271115487,-6.476007925,0.3695469019,0.3635979722,0.366572437,4.48640317,0.1454391889,0.1478187608,0.1466289748,30648.0728,12191.22666,8841.650853,10516.43876,23.58,0.16,3.80E+23,1.40E+23,7.42E+47,3.97E+47,47.87035208,0.2325204032
00 58 58.78,-72 10 51.4,O9 V,9,V,14.954,0.035,-0.139,0.05020956084,Zaritsky,-0.28,0,33560.63067,1779.813377,-3.268266667,0.3553643363,0.1402950065,0.05053457299,0.04883690801,0.0496857405,0.3849642269,0.1368297925,0.1352901966,0.1360599946,-4.407229825,0.1453059574,0.1462894119,0.1457976847,-7.6653525,0.3743581402,0.3933141117,0.383836126,4.962141,0.1573256447,0.1497432561,0.1535344504,91651.80037,40012.07831,26728.92533,33370.50182,23.7,0.16,5.01E+23,1.85E+23,2.44E+48,1.35E+48,48.38818074,0.2401255486
00 59 00.05,-72 10 38.0,O5 V + O7 V,6,V,13.098,0.0316227766,-0.191,0.05916079783,Average,-0.3,0,42391.90497,3208.69687,-3.865866667,0.4092896079,0.1057277213,0.060933301,0.058204654,0.0595689775,0.2888689478,0.1661554217,0.1601252944,0.1631403581,-6.169290468,0.1695542202,0.1698184955,0.1696863578,-10.03852975,0.4289992694,0.4339571493,0.4314782094,5.911411899,0.1735828597,0.1715997078,0.1725912837,815477.3476,400693.9864,266174.0666,333434.0265,24.42,0.16,2.63E+24,9.69E+23,4.48E+49,2.78E+49,49.65164036,0.2695870158
00 59 00.76,-72 10 28.2,ON2 III(f*),2,III,12.768,0.02236067977,-0.181,0.03741657387,Average,-0.3,0,52712.5073,1449.477289,-4.5601,0.298556893,0.1187594747,0.03811918194,0.03667050034,0.03739484114,0.3243479124,0.107926673,0.1008537967,0.1043902349,-6.536371698,0.1126644142,0.1105531338,0.111608774,-11.09547126,0.3096704853,0.3168038732,0.3132371793,6.334188503,0.1267215493,0.1238681941,0.1252948717,2158681.179,731400.069,535674.4937,633537.2814,25.21,0.14,1.62E+25,5.23E+24,3.06E+50,1.37E+50,50.485894,0.1938572647
00 59 00.96,-72 11 09.3,O6.5 Vz,6.5,V,14.56,0.06,0.11,0.06,massey_only (V 8.96σ; BV 3.56σ strong disagreement),-0.29,0,40920.02592,2970.549621,-3.766266667,0.4003020626,0.3991514375,0.0589873362,0.06058700542,0.05978717081,1.090238012,0.1722345777,0.1704037039,0.1713191408,-5.509534394,0.1845493974,0.1888946285,0.1867220129,-9.275651319,0.4359499875,0.4367269089,0.4363384482,5.606260528,0.1746907635,0.174379995,0.1745353793,403887.6086,199993.2884,133566.1246,166779.7065,24.3,0.16,2.00E+24,7.35E+23,1.94E+49,1.20E+49,49.28787712,0.2682648224
00 59 01.82,-72 10 31.2,O6.5 V((fc))z,6.5,V,14.037,0.045,-0.15,0.051,Zaritsky,-0.29,0,40920.02592,2970.549621,-3.766266667,0.4003020626,0.1399041054,0.05157740562,0.0501311419,0.05085427376,0.3821079634,0.1414552905,0.1362791508,0.1388672207,-5.322961551,0.1478693701,0.153844816,0.1508570931,-9.079782341,0.4224856591,0.4374700478,0.4299778534,5.527912936,0.1749880191,0.1689942636,0.1719911414,337219.699,167326.5193,108702.6155,138014.5674,24.3,0.16,2.00E+24,7.35E+23,1.62E+49,9.95E+48,49.20952953,0.2666165205
00 59 01.90,-72 10 43.4,O9.5 V,9.5,V,15.426,0.128,-0.596,0.1531012737,Zaritsky,-0.28,0,32088.75162,1541.666128,-3.168666667,0.3463767911,0,0,0,0,0,0,0,0,-3.552032557,0.1330121765,0.1341570137,0.1335845951,-6.720091461,0.3618060153,0.3895844072,0.3756952112,4.584036584,0.1558337629,0.1447224061,0.1502780845,38373.95764,16563.72672,10875.12978,13719.42825,23.58,0.16,3.80E+23,1.40E+23,9.29E+47,5.02E+47,47.96798549,0.2348386347
00 59 02.06,-72 10 36.3,O9.5 V,9.5,V,15.273,0.039,-0.166,0.05954829972,Zaritsky,-0.28,0,32088.75162,1541.666128,-3.168666667,0.3463767911,0.1134134797,0.05869643571,0.06047373116,0.05958508344,0.3088859874,0.1651404134,0.1640974392,0.1646189263,-4.013514958,0.1746338636,0.1740926657,0.1743632646,-7.181741925,0.3773262929,0.3798905627,0.3786084278,4.76869677,0.1519562251,0.1509305172,0.1514433711,58707.931,24593.60222,17234.85447,20914.22835,23.58,0.16,3.80E+23,1.40E+23,1.42E+48,7.71E+47,48.15264568,0.2355860274
00 59 02.92,-72 10 35.0,O7 V,7,V,14.309,0.04,-0.219,0.05060632372,Zaritsky,-0.29,0,39448.14687,2732.402372,-3.666666667,0.3913145173,0.07139978941,0.05103080831,0.04959827656,0.05031454244,0.1952941479,0.140564512,0.1357878658,0.1381761889,-4.863491977,0.1404894374,0.1490203362,0.1447548868,-8.541108846,0.423609532,0.416812585,0.4202110585,5.312443538,0.166725034,0.1694438128,0.1680844234,205325.8071,96091.76861,66330.63175,81211.20018,24.18,0.16,1.51E+24,5.58E+23,8.66E+48,5.21E+48,48.9376973,0.2614018191
00 59 03.98,-72 10 51.2,O7.5 V((f)),7.5,V,13.18,0.05,0.04,0.04,massey_only (V 27.5σ extreme; BV 4.06σ strong disagreement),-0.28,0,37976.26782,2494.255123,-3.567066667,0.3823269721,0.320033044,0.04029014251,0.03991714839,0.04010364545,0.874816616,0.121232152,0.1138168989,0.1175245254,-6.671757651,0.1250602944,0.1335103376,0.129285316,-10.24208242,0.4017011426,0.4076872333,0.4046941879,5.992832967,0.1630748933,0.1606804571,0.1618776752,983632.7249,448251.3564,304190.5363,376220.9464,24.06,0.16,1.15E+24,4.23E+23,3.67E+49,2.15E+49,49.56414403,0.2546024888
00 59 04.28,-72 10 27.2,O9.5 V,9.5,V,16.01,0,-0.26,0,Other,-0.28,0,32088.75162,1541.666128,-3.168666667,0.3463767911,0.02,0,0,0,0.05478499617,0.002645211433,0.002584973505,0.002615092469,-3.021834738,0.03291403029,0.03264509911,0.0327795647,-6.183358066,0.335849095,0.3488243293,0.3423367122,4.369343226,0.1395297317,0.134339638,0.1369346849,23406.86372,8868.634722,6227.637896,7548.136309,23.58,0.16,3.80E+23,1.40E+23,5.67E+47,2.96E+47,47.75329213,0.226532094
00 59 04.50,-72 10 24.7,ON3 If + O5.5 V,4,V,12.57,0,-0.2,0,Other,-0.3,0,48279.42117,4161.285865,-4.264266667,0.4452397889,0.1,0,0,0,0.2739249809,0.01322605716,0.01292486752,0.01307546234,-6.681115861,0.03537432316,0.03476467865,0.03506950091,-10.94489925,0.4583347276,0.4278262594,0.4430804935,6.2739597,0.1711305038,0.183333891,0.1772321974,1879142.442,907557.4765,647099.6007,777328.5386,24.9,0.16,7.94E+24,2.93E+24,1.85E+50,1.20E+50,50.26827167,0.2818340386
00 59 04.80,-72 11 02.9,O8 V,8,V,15.229,0.051,-0.129,0.06360031446,Zaritsky,-0.28,0,36504.38877,2256.107874,-3.467466667,0.3733394268,0.1507537056,0.06299327502,0.06438969226,0.06369148364,0.4118838386,0.1768042317,0.1750413043,0.175922768,-4.158349366,0.1806575279,0.1861921184,0.1834248232,-7.631374861,0.4171585111,0.4125657353,0.4148621232,4.948549945,0.1650262941,0.1668634044,0.1659448493,88828.01269,41062.14384,28337.60101,34699.87243,23.94,0.16,8.71E+23,3.21E+23,2.94E+48,1.72E+48,48.46852981,0.254292632
00 59 05.88,-72 10 29.0,O9 V,9,V,15.243,0.165,-0.372,0.1816617736,Zaritsky,-0.28,0,33560.63067,1779.813377,-3.268266667,0.3553643363,0,0.09429682609,0,0.04714841305,0,0.2557026381,0,0.1278513191,-3.790980028,0.1881797289,0.2637788753,0.2259793021,-7.090148135,0.4238173129,0.4405320042,0.4321746586,4.732059254,0.1762128017,0.1695269252,0.1728698634,53958.42368,27001.86644,17438.29251,22220.07947,23.7,0.16,5.01E+23,1.85E+23,1.44E+48,8.38E+47,48.15809899,0.2529257624
00 59 05.91,-72 10 50.3,O8.5 V,8.5,V,14.816,0.043,-0.141,0.0554436651,Zaritsky,-0.28,0,35032.50972,2017.960626,-3.367866667,0.3643518816,0.1405958756,0.05412771476,0.05584842449,0.05498806962,0.3837697991,0.1521886,0.1521051375,0.1521468687,-4.542556734,0.1577609443,0.1653199948,0.1615404696,-7.915642645,0.3974635987,0.3968653478,0.3971644732,5.062257058,0.1587461391,0.1589854395,0.1588657893,115413.6189,50928.87323,35380.154,43154.51361,23.82,0.16,6.61E+23,2.43E+23,3.42E+48,1.94E+48,48.53373225,0.2466809812
00 59 05.99,-72 10 33.8,O8 V,8,V,13.78,0,-0.21,0,Other,-0.28,0,36504.38877,2256.107874,-3.467466667,0.3733394268,0.07,0,0,0,0.1917474866,0.009258240015,0.009047407266,0.009152823641,-5.388777274,0.03391088164,0.03365844177,0.03378466171,-8.85196731,0.3783672425,0.3798437673,0.3791055049,5.436786924,0.1519375069,0.151346897,0.151642202,273392.7089,114511.4584,80444.82178,97478.14007,23.94,0.16,8.71E+23,3.21E+23,9.05E+48,5.11E+48,48.95676679,0.2451987095
00 59 06.21,-72 10 33.6,O6 V,6,V,14.19,0,-0.19,0,Other,-0.3,0,42391.90497,3208.69687,-3.865866667,0.4092896079,0.11,0,0,0,0.3013174789,0.01454866288,0.01421735428,0.01438300858,-5.088422152,0.03577173842,0.03570430198,0.0357380202,-8.960463396,0.4074037995,0.4090958498,0.4082498246,5.480185358,0.1636383399,0.1629615198,0.1632999299,302124.0922,138251.9755,94525.76957,116388.8725,24.42,0.16,2.63E+24,9.69E+23,1.66E+49,1.01E+49,49.22041382,0.2637352366
00 59 06.34,-72 10 32.4,O9.5 V,9.5,V,15.08,0,-0.23,0,Other,-0.28,0,32088.75162,1541.666128,-3.168666667,0.3463767911,0.05,0,0,0,0.1369624904,0.006613028582,0.006462433762,0.006537731172,-4.033872476,0.03323579283,0.03327885535,0.03325732409,-7.21279928,0.3465179572,0.3342743904,0.3403961738,4.781119712,0.1337097562,0.1386071829,0.1361584695,60411.51295,21780.47205,16506.65951,19143.56578,23.58,0.16,3.80E+23,1.40E+23,1.46E+48,7.61E+47,48.16506862,0.226063731
00 59 06.68,-72 10 28.8,O9.5 V,9.5,V,15.162,0.237,-0.241,0.2608639492,Zaritsky,-0.28,0,32088.75162,1541.666128,-3.168666667,0.3463767911,0.04040487509,0.2581874434,0.04040487509,0.1492961593,0.1123643527,0.7094745054,0.1123643527,0.410919429,-4.038725088,0.3418011886,0.6370054462,0.4894033174,-7.262492258,0.5131824338,0.6732265073,0.5932044705,4.800996903,0.2692906029,0.2052729735,0.2372817882,63240.73635,54326.82596,23820.07132,39073.44864,23.58,0.16,3.80E+23,1.40E+23,1.53E+48,1.05E+48,48.18494581,0.2981079145
00 59 06.75,-72 10 41.3,O8 V,8,V,14.333,0.069,-0.144,0.0764852927,Zaritsky,-0.28,0,36504.38877,2256.107874,-3.467466667,0.3733394268,0.135767589,0.07746875899,0.07564751764,0.07655813831,0.3697080822,0.2194696259,0.2048032449,0.2121364354,-5.017340815,0.2196745061,0.2193357245,0.2195051153,-8.482251804,0.4277314754,0.4399903586,0.433860917,5.288900722,0.1759961434,0.1710925902,0.1735443668,194491.5439,97181.88828,63329.51334,80255.70081,23.94,0.16,8.71E+23,3.21E+23,6.44E+48,3.85E+48,48.80888059,0.2593158247
00 59 07.33,-72 10 25.4,O9 V,9,V,15.328,0.139,-0.577,0.1433387596,Zaritsky,-0.28,0,33560.63067,1779.813377,-3.268266667,0.3553643363,0,0,0,0,0,0,0,0,-3.654181326,0.1497509655,0.1431332144,0.14644209,-6.907490887,0.3631761393,0.3852325847,0.374204362,4.658996355,0.1540930339,0.1452704557,0.1496817448,45603.30893,19423.04303,12965.13142,16194.08723,23.7,0.16,5.01E+23,1.85E+23,1.22E+48,6.66E+47,48.08503609,0.2376806184
00 59 07.60,-72 10 39.2,O9.5 V,9.5,V,15.941,0.049,-0.062,0.06262587325,Zaritsky,-0.28,0,32088.75162,1541.666128,-3.168666667,0.3463767911,0.2172387643,0.06390648072,0.06432393157,0.06411520615,0.5931264157,0.1833894759,0.1746274563,0.1790084661,-3.6274149,0.1833315514,0.1930134811,0.1881725162,-6.804307052,0.4066612555,0.4022102349,0.4044357452,4.617722821,0.160884094,0.1626645022,0.1617742981,41468.92922,18594.05769,12954.91768,15774.48769,23.58,0.16,3.80E+23,1.40E+23,1.00E+48,5.60E+47,48.00167173,0.2423563599
00 59 07.64,-72 10 48.4,O8: Vn,8,V,15.089,0.036,-0.163,0.05762811814,Zaritsky,-0.28,0,36504.38877,2256.107874,-3.467466667,0.3733394268,0.1185959997,0.05571405021,0.05723486982,0.05647446001,0.3254745024,0.1511629549,0.1583259778,0.1547444664,-4.210148786,0.1607936108,0.1632806016,0.1620371062,-7.67944737,0.3946189614,0.4016204987,0.39811973,4.967778948,0.1606481995,0.1578475845,0.159247892,92849.36807,41559.25979,28294.14837,34926.70408,23.94,0.16,8.71E+23,3.21E+23,3.07E+48,1.77E+48,48.48775882,0.2499738803
00 59 08.55,-72 11 12.7,O9 V,9,V,15.3115,0.0598101162,-0.048,0.07606740432,Average,-0.28,0,33560.63067,1779.813377,-3.268266667,0.3553643363,0.2318299788,0.07684537797,0.07407956084,0.07546246941,0.6358939172,0.2107269212,0.2088307818,0.2097788515,-4.301983659,0.2186724508,0.2229606849,0.2208165679,-7.568688392,0.4204367985,0.4236928825,0.4220648405,4.923475357,0.169477153,0.1681747194,0.1688259362,83844.65016,40021.46299,26919.96497,33470.71398,23.7,0.16,5.01E+23,1.85E+23,2.24E+48,1.29E+48,48.3495151,0.2501792324
00 59 08.60,-72 26 48.4,O9,9,V,15.6515,0.02051828453,-0.1315,0.02202271555,Average,-0.28,0,33560.63067,1779.813377,-3.268266667,0.3553643363,0.1489622445,0.02176160158,0.02208255206,0.02192207682,0.4073876153,0.06351497116,0.06164885181,0.06258191149,-3.733955616,0.07406434361,0.07416591594,0.07411512977,-7.002203709,0.3629848868,0.3608230356,0.3619039612,4.696881484,0.1443292142,0.1451939547,0.1447615845,49760.12743,19616.10341,14140.65108,16878.37724,23.7,0.16,5.01E+23,1.85E+23,1.33E+48,7.17E+47,48.12292122,0.2346132306
00 59 08.70,-72 10 14.1,O8 Vz,8,V,15.0695,0.03937321425,-0.194,0.04146383967,Average,-0.28,0,36504.38877,2256.107874,-3.467466667,0.3733394268,0.08586971644,0.03977193627,0.04205980721,0.04091587174,0.2341773031,0.1096586268,0.1151931166,0.1124258717,-4.141259636,0.1224589828,0.1235002924,0.1229796376,-7.612056952,0.3947864078,0.3959218614,0.3953541346,4.940822781,0.1583687446,0.1579145631,0.1581416538,87261.52515,38396.87672,26600.71342,32498.79507,23.94,0.16,8.71E+23,3.21E+23,2.89E+48,1.66E+48,48.46080265,0.2492706007
00 59 08.97,-72 11 10.5,O7.5 V((f)),7.5,V,14.7,0.11,-0.07,0.11,massey_only (V 8.58σ strong disagreement; BV 1.89σ),-0.28,0,37976.26782,2494.255123,-3.567066667,0.3823269721,0.209722261,0.110425367,0.1092830758,0.1098542214,0.5726741629,0.3050271454,0.2989301575,0.3019786514,-4.842510632,0.3089840156,0.3276252705,0.318304643,-8.405151078,0.4768623849,0.4837159861,0.4802891855,5.258060431,0.1934863944,0.1907449539,0.1921156742,181159.2155,101684.6902,64393.46316,83039.07669,24.06,0.16,1.15E+24,4.23E+23,6.75E+48,4.27E+48,48.8293715,0.2748208105
00 59 09.84,-72 10 59.1,O9.7 IV,9.7,IV,14.03,0.07,0.18,0.07,massey_only (V 11.0σ extreme disagreement; BV 2.92σ),-0.26,0,30045.56993,1319.363527,-3.02626,0.07269834936,0.4395450478,0.07080987471,0.06915800365,0.06998393918,1.20163778,0.203398918,0.1940805384,0.1987397282,-6.147827677,0.2108674759,0.2194098184,0.2151386472,-9.173172365,0.2235473682,0.2333468896,0.2284471289,5.565268946,0.09333875585,0.0894189473,0.09137885157,367509.8183,88115.34541,68386.68602,78251.01571,23.362,0.14,2.30E+23,7.42E+22,7.01E+48,2.96E+48,48.84550735,0.1837639948
00 59 09.97,-72 05 48.3,O6.5f?p,6.5,V,14.4315,0.02256102835,-0.227,0.02795084972,Average,-0.29,0,40920.02592,2970.549621,-3.766266667,0.4003020626,0.0631047355,0.02839936791,0.02757811825,0.02798874308,0.1729808606,0.07873703895,0.07557280159,0.07715492027,-4.719116224,0.08515668185,0.08412001525,0.08463834855,-8.489948627,0.4114524498,0.4026965657,0.4070745077,5.291979451,0.1610786263,0.1645809799,0.1628298031,195875.199,87954.65715,61784.5482,74869.60267,24.3,0.16,2.00E+24,7.35E+23,9.41E+48,5.65E+48,48.97359604,0.2608006156
00 59 10.30,-72 10 42.7,O9.5 V,9.5,V,15.549,0.043,-0.021,0.09704638066,Zaritsky,-0.28,0,32088.75162,1541.666128,-3.168666667,0.3463767911,0.2584729669,0.09800146046,0.09700848759,0.09750497403,0.7063719006,0.2731522973,0.2651351231,0.2691437102,-4.130917484,0.2630981232,0.2859695423,0.2745338327,-7.315271295,0.4539435428,0.4394958546,0.4467196987,4.822108518,0.1757983418,0.1815774171,0.1786878795,66390.89417,33128.30305,22685.89649,27907.09977,23.58,0.16,3.80E+23,1.40E+23,1.61E+48,9.40E+47,48.20605742,0.2539587367
00 59 10.39,-72 10 28.5,O9.5 V,9.5,V,15.982,0.033,-0.132,0.04327817002,Zaritsky,-0.28,0,32088.75162,1541.666128,-3.168666667,0.3463767911,0.1482737298,0.04308230374,0.04194736621,0.04251483497,0.4049118723,0.120156888,0.1155965268,0.1178767074,-3.399601899,0.1236207106,0.1289434125,0.1262820615,-6.571548801,0.3750818849,0.3620656609,0.3685737729,4.52461952,0.1448262644,0.150032754,0.1474295092,33467.21099,13246.65223,9776.026947,11511.33959,23.58,0.16,3.80E+23,1.40E+23,8.10E+47,4.35E+47,47.90856843,0.233026054
00 59 10.47,-72 10 47.1,O8 V,8,V,15.341,0.043,-0.045,0.05608029957,Zaritsky,-0.28,0,36504.38877,2256.107874,-3.467466667,0.3733394268,0.2363556988,0.05500487088,0.05665261191,0.05582874139,0.6462999172,0.1517224125,0.158787674,0.1552550433,-4.282757305,0.1724857738,0.1619264748,0.1672061243,-7.75370294,0.4155300425,0.3953170104,0.4054235265,4.997481176,0.1581268042,0.166212017,0.1621694106,99421.69842,43667.87238,31615.53499,37641.70369,23.94,0.16,8.71E+23,3.21E+23,3.29E+48,1.91E+48,48.51746104,0.2518451259
00 59 11.65,-72 09 57.6,O7 V(n),7,V,13.38,0.01,0.07,0.01,massey_only (V 31.0σ extreme disagreement; BV 2.55σ),-0.29,0,39448.14687,2732.402372,-3.666666667,0.3913145173,0.360062106,0.0100877806,0.01017976689,0.01013377374,0.9853433589,0.05725196352,0.05359905537,0.05542550945,-6.582788448,0.06284364174,0.06713323827,0.06498844,-10.25192804,0.3817149944,0.3845803268,0.3831476606,5.996771214,0.1538321307,0.1526859978,0.1532590642,992593.0141,421908.2928,294223.5859,358065.9394,24.18,0.16,1.51E+24,5.58E+23,4.19E+49,2.43E+49,49.62202498,0.2521247279
00 59 11.67,-72 14 24.3,O9.5 V,9.5,V,16.012,0.03360059523,-0.113,0.03621118612,Average,-0.28,0,32088.75162,1541.666128,-3.168666667,0.3463767911,0.1670379873,0.03628503864,0.03624889704,0.03626696784,0.455427208,0.1047130219,0.09987550339,0.1022942626,-3.420537216,0.1097173223,0.1168885311,0.1133029267,-6.590061671,0.3621439764,0.3704575005,0.3663007384,4.532024669,0.1481830002,0.1448575905,0.1465202954,34042.75259,13843.14902,9655.263686,11749.20635,23.58,0.16,3.80E+23,1.40E+23,8.24E+47,4.41E+47,47.91597357,0.2324518845
00 59 12.32,-72 11 07.9,O6.5 V((f)),6.5,V,14.103,0.02704163457,-0.15,0.03582596824,Average,-0.29,0,40920.02592,2970.549621,-3.766266667,0.4003020626,0.1405959005,0.03494673618,0.03483219811,0.03488946715,0.3844574579,0.09739638583,0.09629989336,0.0968481396,-5.257953305,0.1046740076,0.1086732904,0.106673649,-9.028164363,0.417351672,0.4098225607,0.4135871163,5.507265745,0.1639290243,0.1669406688,0.1654348465,321562.7582,147460.9268,102622.7771,125041.8519,24.3,0.16,2.00E+24,7.35E+23,1.54E+49,9.34E+48,49.18888234,0.2624349534
00 59 12.71,-72 11 09.1,O7 V,7,V,14.1185,0.03761980861,-0.167,0.1031079531,Average,-0.29,0,39448.14687,2732.402372,-3.666666667,0.3913145173,0.1225491856,0.1028390626,0.09860231962,0.1007206911,0.3376961425,0.2780018599,0.2714958901,0.274748875,-5.195974766,0.2693373926,0.2831110908,0.2762242417,-8.886782772,0.4706477007,0.4771719449,0.4739098228,5.450713109,0.190868778,0.1882590803,0.1895639291,282301.4499,155807.2697,99300.20735,127553.7385,24.18,0.16,1.51E+24,5.58E+23,1.19E+49,7.56E+48,49.07596688,0.2757045898
00 59 12.82,-72 10 52.4,O9.5-B0 V,9.7,V,14.14,0.06,-0.17,0.07,massey_only (V 9.96σ strong disagreement; BV 1.95σ),-0.27,0,31500,1446.407228,-3.128826667,0.342781773,0.09941442425,0.07172336527,0.07035419983,0.07103878255,0.2721415788,0.1977474278,0.1929152289,0.1953313284,-5.111290071,0.1976201998,0.2079092245,0.2027647121,-8.242537754,0.3793425702,0.3957621264,0.3875523483,5.193015101,0.1583048506,0.1517370281,0.1550209393,155960.6734,68592.89062,45989.69886,57291.29474,23.532,0.16,3.40E+23,1.25E+23,3.64E+48,1.98E+48,48.56113308,0.236631142
00 59 13.43,-72 39 02.7,O9.7 III,9.7,III,13.66,0.01,-0.14,0.01,massey_only (Zaritsky errors very large; weighted mean Massey-dominated),-0.26,0,30045.56993,1319.363527,-3.02626,0.07269834936,0.1199144696,0.009930634409,0.009673588593,0.009802111501,0.3279556293,0.03266930529,0.03044348121,0.03155639325,-5.645414664,0.04585202569,0.04761635619,0.04673419094,-8.668076691,0.08376947693,0.08923083366,0.08650015529,5.363230676,0.03569233346,0.03350779077,0.03460006212,230797.2749,19769.22719,17137.44128,18453.33423,23.362,0.14,2.30E+23,7.42E+22,4.40E+48,1.65E+48,48.64346908,0.1631449526
00 59 14.55,-72 11 59.8,O9.5 V,9.5,V,14.74,0.05,-0.18,0.05,Massey,-0.28,0,32088.75162,1541.666128,-3.168666667,0.3463767911,0.09976940123,0.04992516551,0.05058439896,0.05025478224,0.2723204666,0.1368812543,0.1384248863,0.1376530703,-4.509951092,0.1516687127,0.149553891,0.1506113019,-7.66616206,0.3605773255,0.388522902,0.3745501137,4.962464824,0.1554091608,0.1442309302,0.1498200455,91720.16434,39461.75625,25918.94798,32690.35211,23.58,0.16,3.80E+23,1.40E+23,2.22E+48,1.20E+48,48.34641373,0.2345457902
00 59 14.97,-72 11 02.2,O8 V,8,V,14.892,0.078,-0.024,0.1103086579,Zaritsky,-0.28,0,36504.38877,2256.107874,-3.467466667,0.3733394268,0.2549889442,0.1085444721,0.1040578088,0.1063011404,0.6974889479,0.300013295,0.2865293686,0.2932713318,-4.785412515,0.3060380795,0.3051647491,0.3056014143,-8.25038959,0.4697734388,0.4892606431,0.4795170409,5.196155836,0.1957042572,0.1879093755,0.1918068164,157092.6392,89431.86459,55175.67865,72303.77162,23.94,0.16,8.71E+23,3.21E+23,5.20E+48,3.26E+48,48.7161357,0.2718766347
00 59 15.53,-72 11 11.7,OC5-6 Vz,5.5,V,14.308,0.02530316186,-0.122,0.03256531898,Average,-0.3,0,43863.78402,3446.844119,-3.965466667,0.4182771531,0.1777882372,0.03209623673,0.03251997553,0.03230810613,0.4866380736,0.09443246989,0.09308329241,0.09375788115,-5.155750191,0.102855564,0.1021400015,0.1024977828,-9.134253762,0.4428884439,0.4089139218,0.4259011829,5.549701505,0.1635655687,0.1771553776,0.1703604731,354569.606,162164.454,118768.3399,140466.3969,24.54,0.16,3.47E+24,1.28E+24,2.24E+49,1.40E+49,49.35063732,0.2706608114
00 59 15.90,-72 11 10.7,O8 V,8,V,14.84,0.04031128874,-0.156,0.04717255558,Average,-0.28,0,36504.38877,2256.107874,-3.467466667,0.3733394268,0.1250679718,0.04459530257,0.04711437438,0.04585483847,0.3404427154,0.1257458181,0.1276566237,0.1267012209,-4.477645533,0.1361320779,0.13328647,0.134709274,-7.95049125,0.4057861192,0.3939630119,0.3998745656,5.0761965,0.1575852048,0.1623144477,0.1599498262,119178.1117,52131.49196,37165.23366,44648.36281,23.94,0.16,8.71E+23,3.21E+23,3.95E+48,2.28E+48,48.59617637,0.2504216377
00 59 18.62,-72 11 09.9,O9 V,9,V,14.9395,0.06462197769,-0.3125,0.06563726076,Average,-0.28,0,33560.63067,1779.813377,-3.268266667,0.3553643363,0,0.03194008987,0,0.01597004494,0,0.0865523813,0,0.04327619065,-4.060428293,0.08044668475,0.1016207234,0.09103370406,-7.342449407,0.3639793284,0.3883766823,0.3761780054,4.832979763,0.1553506729,0.1455917314,0.1504712021,68073.76378,29274.99914,19389.56448,24332.28181,23.7,0.16,5.01E+23,1.85E+23,1.82E+48,9.96E+47,48.2590195,0.2381785764
00 59 20.30,-72 14 25.0,O9.5 V,9.5,V,15.076,0.02102974084,-0.134,0.02396872963,Average,-0.28,0,32088.75162,1541.666128,-3.168666667,0.3463767911,0.1455314328,0.02413256296,0.02343026682,0.02378141489,0.3977537766,0.06960397571,0.06582156128,0.0677127685,-4.300315129,0.07854047483,0.08064107042,0.07959077263,-7.470244325,0.3491568201,0.3581361272,0.3536464736,4.88409773,0.1432544509,0.139662728,0.1414585895,76576.8949,29923.73893,21058.74285,25491.24089,23.58,0.16,3.80E+23,1.40E+23,1.85E+48,9.79E+47,48.26804664,0.2292950375
00 59 20.73,-72 17 10.6,O7 IIIn((f)),7,III,14.238,0.01,-0.188,0.01,massey_only (differences small; weighted mean Massey-dominated),-0.28,0,37993.7168,1364.987833,-3.5641,0.151895501,0.09202422259,0.0101182815,0.009980502342,0.01004939192,0.2523644562,0.02988146641,0.03005367562,0.02996757101,-4.991785032,0.04601962378,0.0447979954,0.04540880959,-8.562676144,0.1626482017,0.1497933853,0.1562207935,5.321070457,0.0599173541,0.06505928068,0.06248831739,209445.2223,30984.31002,29138.80789,30061.55895,24.01,0.14,1.02E+24,3.30E+23,6.94E+48,2.65E+48,48.84158352,0.1655292289
00 59 27.43,-72 48 37.2,O8.5 V,8.5,V,14.783,0.01761391495,-0.23,0.01895389142,Average,-0.28,0,35032.50972,2017.960626,-3.367866667,0.3643518816,0.05002458902,0.01857383418,0.0186490143,0.01861142424,0.1368371549,0.05183869704,0.05126266437,0.0515506807,-4.330985278,0.06310055819,0.06423261045,0.06366658432,-7.710500663,0.385138148,0.3615568344,0.3733474912,4.980200265,0.1446227337,0.1540552592,0.1493389965,95543.30608,37754.50108,28532.47241,33143.48675,23.82,0.16,6.61E+23,2.43E+23,2.83E+48,1.57E+48,48.45167545,0.2406559854
00 59 30.38,-72 09 09.6,O9.7 III: + B1: III-II,9.7,III,14.0675,0.02013082214,-0.1465,0.02734044623,Average,-0.26,0,30045.56993,1319.363527,-3.02626,0.07269834936,0.1132832633,0.02665268482,0.02704439061,0.02684853772,0.3090699437,0.07535538784,0.07351217048,0.07443377916,-5.219393717,0.08453810188,0.08416716572,0.0843526338,-8.245511536,0.1137943585,0.1142816367,0.1140379976,5.194204614,0.04571265467,0.04551774339,0.04561519903,156388.4282,17358.55354,15561.12236,16459.83795,23.362,0.14,2.30E+23,7.42E+22,2.98E+48,1.14E+48,48.47444302,0.1658308103
00 59 31.87,-72 13 35.2,O6.5 Vnn,6.5,V,15.368,0.0258069758,-0.241,0.04308421985,Average,-0.29,0,40920.02592,2970.549621,-3.766266667,0.4003020626,0.04973135674,0.04255964544,0.04412790947,0.04334377746,0.1356362649,0.1178146806,0.1201709765,0.1189928285,-3.745909819,0.114258019,0.1240001466,0.1191290828,-7.530962931,0.4158036872,0.4215723116,0.4186879994,4.908385172,0.1686289247,0.1663214749,0.1674751998,80981.37982,38421.30868,25765.53511,32093.42189,24.3,0.16,2.00E+24,7.35E+23,3.89E+48,2.36E+48,48.59000176,0.2637259162
00 59 31.98,-72 10 46.1,O7 Iaf+,7,I,12.31,0,-0.19,0,Other,-0.26,0,35254.6794,1214.280582,-3.3598,0.1053795013,0.07,0,0,0,0.1917474866,0.009258240015,0.009047407266,0.009152823641,-6.858777274,0.03391088164,0.03365844177,0.03378466171,-10.22105222,0.1085811455,0.109544774,0.1090629598,5.984420886,0.0438179096,0.04343245821,0.04362518391,964763.5494,102419.199,91815.44097,97117.32,23.95,0.15,8.91E+23,3.08E+23,3.76E+49,1.45E+49,49.574914,0.1672819185
00 59 38.60,-71 44 19.1,O7.5-9 V,8.5,V,15.2045,0.02018043607,-0.0705,0.0294872854,Average,-0.28,0,35032.50972,2017.960626,-3.367866667,0.3643518816,0.2098551885,0.02896567261,0.0293262047,0.02914593866,0.5736121477,0.08508372015,0.08403795524,0.0845608377,-4.345604767,0.09155921063,0.09426969727,0.09291445395,-7.714295069,0.3638847326,0.3861871645,0.3750359486,4.981718028,0.1544748658,0.1455538931,0.1500143794,95877.79304,40955.85124,27303.05844,34129.45484,23.82,0.16,6.61E+23,2.43E+23,2.84E+48,1.58E+48,48.45319322,0.2410756758
00 59 44.21,-72 45 30.0,O9.5 III(n),9.5,III,14.45,0.02,-0.08,0.02,massey_only (V 5.16σ strong disagreement; BV 2.56σ),-0.26,0,30634.32155,1322.743105,-3.0661,0.07856480504,0.1792296398,0.02006963845,0.01898421084,0.01952692465,0.491053805,0.06140170718,0.05699906044,0.05920038381,-5.018041745,0.06866118718,0.06975334811,0.06920726764,-8.083717326,0.1047578907,0.1094956146,0.1071267526,5.12948693,0.04379824583,0.04190315626,0.04285070105,134737.0182,14296.91944,12392.70878,13344.81411,23.41,0.14,2.57E+23,8.29E+22,2.65E+48,1.01E+48,48.42401406,0.1645067937
00 59 51.34,-72 11 28.6,O9.7 II: e?,9.7,II,14.2,0.01,-0.15,0.01,massey_only (V 5.41σ; BV 6.46σ strong disagreement),-0.24,0,28463.1561,894.9732419,-2.7658,0.07564989535,0.09002503172,0.00964149017,0.01022452648,0.009933008325,0.2461521145,0.02922840377,0.02975639019,0.02949239698,-5.023787496,0.0440870243,0.04342465827,0.04375584128,-7.788586699,0.08604297208,0.08942997031,0.08773647119,5.01143468,0.03577198812,0.03441718883,0.03509458848,102667.9002,8814.591755,7822.234093,8318.412924,23.302,0.15,2.00E+23,6.92E+22,2.12E+48,7.97E+47,48.32566265,0.1634479852
00 59 52.96,-72 10 49.2,O9.2 V(n),9.2,V,14.7675,0.01844586675,-0.168,0.02173706512,Average,-0.28,0,32971.87905,1684.554477,-3.228426667,0.3517693182,0.1120726967,0.02195305846,0.02168345805,0.02181825826,0.3067677489,0.06176702911,0.06099855075,0.06138278993,-4.517377914,0.07269721469,0.06952132073,0.07110926771,-7.741164838,0.3553784339,0.3659009542,0.360639694,4.992465935,0.1463603817,0.1421513736,0.1442558776,98280.17875,39385.70174,27434.30491,33410.00332,23.652,0.16,4.49E+23,1.65E+23,2.52E+48,1.35E+48,48.40125134,0.2329955973
00 59 54.06,-72 04 31.4,O8.5 V,8.5,V,15.0065,0.02229910312,-0.229,0.02220923231,Average,-0.28,0,35032.50972,2017.960626,-3.367866667,0.3643518816,0.05182682727,0.02221372586,0.02214799136,0.02218085861,0.1409719665,0.06157181767,0.06007763514,0.06082472641,-4.112436078,0.07317433612,0.07092844981,0.07205139296,-7.47594548,0.36247348,0.3796252957,0.3710493878,4.886378192,0.1518501183,0.144989392,0.1484197551,76980.05068,32221.37572,21849.94815,27035.66194,23.82,0.16,6.61E+23,2.43E+23,2.28E+48,1.26E+48,48.35785338,0.2400866326
00 59 55.51,-72 13 37.8,O9.5 III,9.5,III,13.64,0.01,-0.17,0.01,massey_only (V 2.45σ; BV 1.27σ — weighted mean Massey-dominated),-0.26,0,30634.32155,1322.743105,-3.0661,0.07856480504,0.08997139165,0.01028344972,0.01008716715,0.01018530844,0.2462148331,0.03110276807,0.0297917891,0.03044727859,-5.583156885,0.04531420862,0.04639549685,0.04585485274,-8.650944152,0.09167123744,0.08821829534,0.08994476639,5.356377661,0.03528731814,0.03666849498,0.03597790656,227183.9577,19229.8157,18394.21167,18812.01369,23.41,0.14,2.57E+23,8.29E+22,4.48E+48,1.68E+48,48.65090479,0.162851811
01 00 06.73,-72 47 19.1,O6.5 V((fc)),6.5,V,13.876,0.03733630941,-0.1865,0.04666904756,Average,-0.29,0,40920.02592,2970.549621,-3.766266667,0.4003020626,0.1036182502,0.04409239711,0.04473779283,0.04441509497,0.2827351585,0.1227938417,0.1227618688,0.1227778553,-5.384024356,0.1324329569,0.1301661781,0.1312995675,-9.158654204,0.4046292837,0.414542134,0.4095857088,5.559461681,0.1658168536,0.1618517135,0.1638342835,362628.2952,168596.7418,112818.2094,140707.4756,24.3,0.16,2.00E+24,7.35E+23,1.74E+49,1.05E+49,49.24107827,0.2614289363
01 00 10.70,-71 48 06.1,O9.5 V,9.5,V,14.381,0.01676305461,-0.1655,0.02352126697,Average,-0.28,0,32088.75162,1541.666128,-3.168666667,0.3463767911,0.1141416957,0.02259588326,0.02347751262,0.02303669794,0.3121735499,0.06558132608,0.0647982621,0.06518979409,-4.907563007,0.07315493688,0.07604534383,0.07460014036,-8.069429768,0.3467430477,0.3703412696,0.3585421587,5.123771907,0.1481365078,0.1386972191,0.1434168635,132975.5853,54053.18436,36353.88216,45203.53326,23.58,0.16,3.80E+23,1.40E+23,3.22E+48,1.71E+48,48.50772081,0.2305083044
01 00 13.60,-72 12 44.8,O9 V,9,V,15.085,0.0226715681,-0.219,0.02362202362,Average,-0.28,0,33560.63067,1779.813377,-3.268266667,0.3553643363,0.0600970341,0.02436058227,0.02400068683,0.02418063455,0.1645005285,0.06843230552,0.06482556221,0.06662893387,-4.056745043,0.07634972287,0.07813293287,0.07724132787,-7.313177511,0.36089859,0.3681816097,0.3645400999,4.821271004,0.1472726439,0.144359436,0.1458160399,66262.98674,26750.01422,18739.14196,22744.57809,23.7,0.16,5.01E+23,1.85E+23,1.77E+48,9.57E+47,48.24731074,0.2352653164
01 00 16.05,-72 12 44.2,O9.7 + O8-8.5 + B,9,V,14.29,0.01,-0.16,0.01,massey_only (V 6.05σ strong disagreement; BV 2.58σ),-0.28,0,33560.63067,1779.813377,-3.268266667,0.3553643363,0.1199476904,0.009896452539,0.009570266845,0.009733359692,0.3282927846,0.03226816799,0.02999305281,0.0311306104,-5.016720788,0.04602764043,0.04400415247,0.04501589645,-8.286910409,0.3721659631,0.3480248146,0.3600953888,5.210764164,0.1392099258,0.1488663852,0.1440381555,162466.6272,61392.13113,47148.44733,54270.28923,23.7,0.16,5.01E+23,1.85E+23,4.33E+48,2.34E+48,48.6368039,0.2341675508
01 00 18.23,-72 07 52.0,O9.5 IV:(n),9.5,IV,15.44,0.03,-0.09,0.03,massey_only (V 11.55σ strong disagreement; BV 2.51σ),-0.26,0,30634.32155,1322.743105,-3.0661,0.07856480504,0.1703962538,0.02987187149,0.03007399805,0.02997293477,0.4664905656,0.08473619177,0.08607761125,0.08540690151,-4.004188971,0.09728918344,0.09502914269,0.09615916306,-7.068026902,0.1217008348,0.1265103738,0.1241056043,4.723210761,0.05060414952,0.04868033391,0.04964224171,52870.17657,6533.716887,5606.181648,6069.949267,23.41,0.14,2.57E+23,8.29E+22,1.04E+48,3.99E+47,48.01773789,0.1664050923
01 00 20.95,-71 33 31.3,O8 V,8,V,14.287,0.055,-0.227,0.06264982043,Zaritsky,-0.28,0,36504.38877,2256.107874,-3.467466667,0.3733394268,0.05309479509,0.06348089054,0.05309479509,0.05828784281,0.1467117029,0.1715428377,0.1467117029,0.1591272703,-4.839785813,0.1446281887,0.1852616978,0.1649449432,-8.322178537,0.3949874097,0.4042491468,0.3996182782,5.224871415,0.1616996587,0.1579949639,0.1598473113,167830.7034,75709.7322,51182.93034,63446.33127,23.94,0.16,8.71E+23,3.21E+23,5.56E+48,3.20E+48,48.74485128,0.2503561715
01 00 21.95,-71 29 37.7,O9 III,9,III,14.89,0.02,-0.213,0.09610411021,Zaritsky,-0.26,0,32106.2006,1331.192051,-3.1657,0.09323094424,0.04795098131,0.0928197948,0.04795098131,0.07038538805,0.1309318931,0.253119533,0.1309318931,0.192025713,-4.213639404,0.1301085819,0.2604470571,0.1952778195,-7.394311987,0.1707546165,0.2648481445,0.2178013805,4.853724795,0.1059392578,0.06830184661,0.08712055221,71404.37071,19726.19215,10391.29085,15058.7415,23.53,0.14,3.39E+23,1.09E+23,1.54E+48,6.37E+47,48.18672933,0.1799385948
01 00 22.16,-72 30 48.8,O7 Vnn: + late O,7,V,14.6025,0.01868154169,-0.1995,0.02334523506,Average,-0.29,0,39448.14687,2732.402372,-3.666666667,0.3913145173,0.09107457655,0.02270850439,0.02306665377,0.02288757908,0.2489647043,0.0645675235,0.06416136448,0.06436444399,-4.624253174,0.07584314256,0.07405204377,0.07494759316,-8.300084192,0.4079666212,0.3847531676,0.3963598944,5.216033677,0.153901267,0.1631866485,0.1585439577,164449.9268,69937.84511,51510.12303,60723.98407,24.18,0.16,1.51E+24,5.58E+23,6.94E+48,4.08E+48,48.84128744,0.2553717372
01 00 39.10,-72 17 07.9,O9 V,9,V,14.92,0.02,-0.18,0.02,Massey,-0.28,0,33560.63067,1779.813377,-3.268266667,0.3553643363,0.1003595595,0.01995402503,0.02031012297,0.020132074,0.2738903322,0.05730446303,0.0561432025,0.05672383277,-4.332447461,0.06858060514,0.06668444284,0.06763252399,-7.596127723,0.3684299413,0.3468496408,0.3576397911,4.934451089,0.1387398563,0.1473719765,0.1430559164,85990.62222,32365.55943,24744.4254,28554.99242,23.7,0.16,5.01E+23,1.85E+23,2.29E+48,1.23E+48,48.36049083,0.2335646524
01 00 40.83,-72 13 43.2,O9.5 V,9.5,V,14.4325,0.01676305461,-0.2,0.02032855135,Average,-0.28,0,32088.75162,1541.666128,-3.168666667,0.3463767911,0.08046888859,0.02012022097,0.02067939692,0.02039980894,0.2202827065,0.05623511819,0.056775428,0.05650527309,-4.764034223,0.067138374,0.0686430922,0.0678907331,-7.92170919,0.336404806,0.3587724349,0.3475886205,5.064683676,0.1435089739,0.1345619224,0.1390354482,116060.2966,45447.19012,30922.62795,38184.90904,23.58,0.16,3.80E+23,1.40E+23,2.81E+48,1.47E+48,48.44863258,0.2278081156
01 00 41.94,-72 30 29.0,O9.7 I(n),9.7,I,14.71,0.03,-0.12,0.03605551275,Other,-0.24,0,28463.1561,894.9732419,-2.7658,0.07564989535,0.1193920288,0.03481133026,0.03531905441,0.03506519234,0.327126601,0.09536549995,0.09889684197,0.09713117096,-4.594894979,0.1080419564,0.1054035999,0.1067227781,-7.358461488,0.1333976234,0.1291054566,0.13125154,4.839384595,0.05164218264,0.05335904937,0.052500616,69085.13259,8723.319955,7987.336324,8355.32814,23.302,0.15,2.00E+23,6.92E+22,1.42E+48,5.51E+47,48.15361257,0.1680473993
01 00 42.08,-71 31 12.3,O(n)e,7,V,13.62,0.066,0.015,0.07823042886,Zaritsky,-0.29,0,39448.14687,2732.402372,-3.666666667,0.3913145173,0.3049578069,0.0759795952,0.07865289205,0.07731624363,0.8326367932,0.2148433736,0.2156942172,0.2152687954,-6.187381973,0.2262769205,0.2289293666,0.2276031435,-9.870502806,0.4547130021,0.4569564325,0.4558347173,5.844201123,0.182782573,0.1818852009,0.1823338869,698555.8324,365547.2379,239023.6479,302285.4429,24.18,0.16,1.51E+24,5.58E+23,2.95E+49,1.84E+49,49.46945489,0.2707843865
01 00 43.94,-72 26 05.2,O9.5 IV,9.5,IV,14.366,0.01724093965,-0.1655,0.02220923231,Average,-0.26,0,30634.32155,1322.743105,-3.0661,0.07856480504,0.09530565846,0.02155092881,0.02313081235,0.02234087058,0.2602805394,0.06099615825,0.06373304294,0.0623646006,-4.869689858,0.07270441401,0.07567806072,0.07419123736,-7.94134504,0.1063882461,0.1023686486,0.1043784473,5.072538016,0.04094745945,0.04255529843,0.04175137894,118178.3756,11684.63776,11030.70898,11357.67337,23.41,0.14,2.57E+23,8.29E+22,2.33E+48,8.80E+47,48.36706514,0.1642238723
01 00 44.52,-72 29 50.3,O9 Ie,9,I,13.69,0.01,-0.01,0.01,massey_only (Zaritsky errors large; weighted mean Massey-dominated),-0.25,0,30223.9214,977.7566263,-2.9198,0.08335757097,0.2401848769,0.009789184272,0.01031451441,0.01005184934,0.6570436728,0.04243862711,0.04033546896,0.04138704804,-5.945383308,0.05482735617,0.0528360836,0.05383171988,-8.865100531,0.0970378679,0.09782384583,0.09743085686,5.442040212,0.03912953833,0.03881514716,0.03897234275,276719.7856,26089.89219,23658.87563,24874.38391,23.47,0.15,2.95E+23,1.02E+23,6.61E+48,2.51E+48,48.81999716,0.1648548093
01 00 52.91,-72 47 49.0,O9 + B0,9.5,V,15.262,0.02121320344,-0.099,0.0234520788,Average,-0.28,0,32088.75162,1541.666128,-3.168666667,0.3463767911,0.1809135526,0.02306270414,0.02405963282,0.02356116848,0.4952813659,0.06943172288,0.06963752139,0.06953462214,-4.20790237,0.07617132419,0.08235322127,0.07926227273,-7.385360299,0.3623211283,0.3589784387,0.3606497835,4.85014412,0.1435913755,0.1449284513,0.1442599134,70818.07693,27749.82106,20093.82289,23921.82198,23.58,0.16,3.80E+23,1.40E+23,1.71E+48,9.12E+47,48.23409303,0.231033773
01 00 57.11,-72 35 51.7,O9 Ve,9,V,14.593,0.01972308292,-0.0345,0.02147673159,Average,-0.28,0,33560.63067,1779.813377,-3.268266667,0.3553643363,0.2450601809,0.02133963522,0.0207609972,0.02105031621,0.6718364347,0.06703697487,0.06566736271,0.06635216879,-5.054878773,0.07583595305,0.07674405709,0.07629000507,-8.326018603,0.3576208649,0.3693790257,0.3634999453,5.226407441,0.1477516103,0.143048346,0.1453999781,168425.3435,68253.29099,47265.39066,57759.34083,23.7,0.16,5.01E+23,1.85E+23,4.49E+48,2.43E+48,48.65244718,0.2350076706
01 00 58.14,-72 02 12.1,O9.5 V + early B,9.7,V,14.54,0.05197114584,-0.253,0.05333854141,Average,-0.27,0,31500,1446.407228,-3.128826667,0.342781773,0.01676474835,0.054242662,0.01676474835,0.03550370518,0.04657589035,0.1481886255,0.04657589035,0.0973822579,-4.500478491,0.09185267107,0.1441582219,0.1180054465,-7.646160264,0.3514359825,0.3708598511,0.3611479168,4.954464106,0.1483439404,0.140574393,0.1444591667,90045.944,36663.2261,24899.64945,30781.43778,23.532,0.16,3.40E+23,1.25E+23,2.10E+48,1.11E+48,48.32258208,0.2298505092
01 01 02.74,-72 39 30.3,O9.7 Iab,9.7,I,13.018,0.02549509757,-0.161,0.03570714214,Average,-0.24,0,28463.1561,894.9732419,-2.7658,0.07564989535,0.07955481722,0.0341986152,0.03520432542,0.03470147031,0.2167052749,0.09640737507,0.09520522371,0.09580629939,-6.174085693,0.100831066,0.1048437719,0.1028374189,-8.939647092,0.1235314249,0.1297747985,0.1266531117,5.471858837,0.05190991941,0.04941256995,0.05066124468,296386.7857,37630.35912,31874.24511,34752.30211,23.302,0.15,2.00E+23,6.92E+22,6.11E+48,2.36E+48,48.78608681,0.167481866
01 01 07.16,-72 14 36.5,O7.5 V:n,7.5,V,15.312,0.0226715681,-0.2125,0.02390083681,Average,-0.28,0,37976.26782,2494.255123,-3.567066667,0.3823269721,0.06748994012,0.02378897684,0.02285762318,0.02332330001,0.1844686833,0.06655963517,0.06332652052,0.06494307785,-3.850709959,0.07500725473,0.07586772419,0.07543748946,-7.416334904,0.3917550784,0.3944156218,0.3930853501,4.862533961,0.1577662487,0.1567020314,0.15723414,72867.51542,31917.74888,22071.22701,26994.48794,24.06,0.16,1.15E+24,4.23E+23,2.72E+48,1.57E+48,48.43384503,0.2516756253
01 01 07.60,-74 00 55.6,O9.5 III,9.5,III,15.407,0.119,-0.188,0.1222497444,Zaritsky,-0.26,0,30634.32155,1322.743105,-3.0661,0.07856480504,0.07192766587,0.1242537289,0.07192766587,0.09809069741,0.1965320741,0.3378428612,0.1965320741,0.2671874677,-3.777933533,0.227346303,0.3509462096,0.2891462563,-6.856108193,0.2495644628,0.3451632778,0.2973638703,4.638443277,0.1380653111,0.09982578513,0.1189455481,43495.39488,16278.09167,8931.912445,12605.00206,23.41,0.14,2.57E+23,8.29E+22,8.57E+47,3.92E+47,47.9329704,0.1984297004
01 01 14.73,-71 54 30.7,O8 V,8,V,15.19,0.03,-0.15,0.03,massey_only (V 2.69σ; Zaritsky BV error very large; weighted mean Massey-dominated),-0.28,0,36504.38877,2256.107874,-3.467466667,0.3733394268,0.1298403769,0.02829427429,0.02985988453,0.02907707941,0.355442255,0.07926658022,0.08240956695,0.08083807358,-4.141887866,0.09286463128,0.0940806741,0.09347265269,-7.609603609,0.3717911542,0.3761200505,0.3739556024,4.939841443,0.1504480202,0.1487164617,0.1495822409,87064.56681,36044.33688,25245.13818,30644.73753,23.94,0.16,8.71E+23,3.21E+23,2.88E+48,1.62E+48,48.45982131,0.2439301058
01 01 15.69,-72 06 35.4,O7.5 Vnnz,7.5,V,14.84,0.02,-0.26,0.02,Massey,-0.28,0,37976.26782,2494.255123,-3.567066667,0.3823269721,0.02003318947,0.01926031763,0.01969573503,0.01947802633,0.05461617121,0.05361215432,0.05374570195,0.05367892813,-4.193200427,0.05929505379,0.06566787775,0.06248146577,-7.764178137,0.3929441358,0.382086888,0.3875155119,5.001671255,0.1528347552,0.1571776543,0.1550062047,100385.5622,42341.39728,30482.91861,36412.15795,24.06,0.16,1.15E+24,4.23E+23,3.74E+48,2.16E+48,48.57298232,0.2502897702
01 01 18.87,-72 36 33.0,O9.7 V(n),9.7,V,15.22,0.02,0.01,0.02,massey_only (V 5.83σ strong disagreement; BV 3.14σ),-0.27,0,31500,1446.407228,-3.128826667,0.342781773,0.2794353154,0.02064565006,0.02000598146,0.02032581576,0.7642138804,0.06932522741,0.0636180999,0.06647166366,-4.522037554,0.07310155355,0.08086006649,0.07698081002,-7.644462819,0.3480908149,0.3660963688,0.3570935918,4.953785128,0.1464385475,0.1392363259,0.1428374367,89905.26908,36052.13023,24660.03378,30356.08201,23.532,0.16,3.40E+23,1.25E+23,2.10E+48,1.11E+48,48.32190311,0.2288347418
01 01 29.52,-72 23 20.0,O8 IIIze,8,III,13.8205,0.03783186488,-0.0355,0.05615603262,Average,-0.27,0,35049.9587,1348.089942,-3.3649,0.1225632226,0.2342909813,0.05417248738,0.05605008721,0.0551112873,0.6410737613,0.1547166388,0.1558976544,0.1553071466,-5.798690993,0.1627311777,0.162515913,0.1626235453,-9.161115062,0.1967759213,0.2067906789,0.2017833001,5.560446025,0.08271627155,0.07871036851,0.08071332003,363451.1332,76254.7706,60246.62288,68250.69674,23.77,0.14,5.89E+23,1.90E+23,9.57E+48,3.85E+48,48.98105618,0.1748682903
01 01 29.96,-72 56 26.4,O9.5 Ia,9.5,I,13.448,0.007071067812,-0.161,0.008660254038,Average,-0.24,0,28966.2319,918.6256374,-2.8098,0.07785208839,0.07913144012,0.008350367839,0.00825597684,0.00830317234,0.2165307015,0.02563352595,0.0242657977,0.02494966183,-5.745946666,0.0411672921,0.04211623028,0.04164176119,-8.556986436,0.08809536522,0.08683713246,0.08746624884,5.318794574,0.03473485298,0.03523814609,0.03498649954,208350.5132,17348.37949,16237.65681,16793.01815,23.35,0.15,2.24E+23,7.73E+22,4.47E+48,1.68E+48,48.65058675,0.1635824443
01 01 31.17,-72 20 08.1,O9 III-V,9,IV,15.171,0.01972308292,-0.182,0.02189177928,Average,-0.26,0,32106.2006,1331.192051,-3.1657,0.09323094424,0.07812559316,0.02158873572,0.02139630694,0.02149252133,0.212827718,0.05954283042,0.05831617735,0.05892950388,-4.019979426,0.07073616148,0.07005184968,0.07039400558,-7.184607743,0.1142011452,0.1169392626,0.1155702039,4.769843097,0.04677570504,0.04568045808,0.04622808156,58863.09552,6693.863862,5876.912004,6285.387933,23.53,0.14,3.39E+23,1.09E+23,1.27E+48,4.79E+47,48.10284763,0.1640882166
01 01 32.84,-72 16 45.3,O6 V,6,V,15.017,0.02280898946,-0.272,0.02532291452,Average,-0.3,0,42391.90497,3208.69687,-3.865866667,0.4092896079,0.02810129636,0.02471323351,0.02492743054,0.02482033202,0.07662869145,0.06815118807,0.06781887473,0.0679850314,-4.035842673,0.06967371228,0.08152958027,0.07560164627,-7.90803187,0.4106418585,0.4242003892,0.4174211238,5.059212748,0.1696801557,0.1642567434,0.1669684495,114607.4233,54784.57985,36091.81409,45438.19697,24.42,0.16,2.63E+24,9.69E+23,6.30E+48,3.86E+48,48.79944121,0.266022313
01 01 39.53,-72 09 22.2,O7 V:(n),7,V,15.2555,0.01886796226,-0.1565,0.02184032967,Average,-0.29,0,39448.14687,2732.402372,-3.666666667,0.3913145173,0.1339728402,0.02147126764,0.02169832814,0.02158479789,0.3668389136,0.06014351821,0.06183479989,0.06098915905,-4.08789407,0.07100815337,0.07073225691,0.07087020514,-7.759419097,0.3985874628,0.4036187202,0.4011030915,4.999767639,0.1614474881,0.1594349851,0.1604412366,99946.51162,45002.45617,30710.40115,37856.42866,24.18,0.16,1.51E+24,5.58E+23,4.22E+48,2.49E+48,48.62502141,0.2565539476
01 01 49.94,-72 13 14.8,O7.5 V(n),7.5,V,14.7145,0.02236067977,-0.2375,0.02586503431,Average,-0.28,0,37976.26782,2494.255123,-3.567066667,0.3823269721,0.04279330602,0.02672836398,0.0267236343,0.02672599914,0.1173290309,0.07236633388,0.0738458863,0.07310611009,-4.379673179,0.08104602724,0.08260767224,0.08182684974,-7.954812982,0.3896238054,0.378940635,0.3842822202,5.077925193,0.151576254,0.1558495221,0.1537128881,119653.4414,49976.08413,36078.57883,43027.33148,24.06,0.16,1.15E+24,4.23E+23,4.46E+48,2.56E+48,48.64923626,0.2494908767
01 01 54.92,-72 07 27.5,O7 III((f))e,7,III,15.049,0.01886796226,-0.2075,0.02236067977,Average,-0.28,0,37993.7168,1364.987833,-3.5641,0.151895501,0.07272273278,0.02219237765,0.02192051159,0.02205644462,0.1995700228,0.06074505522,0.06081801331,0.06078153426,-4.128730332,0.07167668197,0.07048309301,0.07107988749,-7.684999908,0.1584689608,0.1714072142,0.1649380875,4.969999963,0.0685628857,0.06338758432,0.06597523501,93325.42218,15960.15516,12673.93518,14317.04517,24.01,0.14,1.02E+24,3.30E+23,3.09E+48,1.19E+48,48.49051303,0.1668768032
01 01 55.81,-72 32 36.4,O8 III:ze pec,8,III,13.8845,0.04428317965,-0.074,0.05212724815,Average,-0.27,0,35049.9587,1348.089942,-3.3649,0.1225632226,0.1965194913,0.05252687268,0.05208762617,0.05230724942,0.5383283484,0.146031414,0.142563829,0.1442976215,-5.633301142,0.1560418468,0.1541255578,0.1550837023,-9.002063064,0.2041166782,0.1902326554,0.1971746668,5.496825226,0.07609306216,0.08164667129,0.07886986673,313924.5105,60115.69726,53801.62995,56958.6636,23.77,0.14,5.89E+23,1.90E+23,8.27E+48,3.31E+48,48.91743538,0.1740250982
01 01 57.23,-72 12 42.2,O9.2 Ib(n),9.2,I,12.508,0,0.239,0,Average,-0.25,0,29720.8456,954.1042308,-2.8758,0.08115537794,0.489,0,0,0,1.339493156,0.06467541953,0.06320260219,0.06393901086,-7.808806009,0.07034628307,0.07272064575,0.07153346441,-10.68481014,0.1086451477,0.1094841031,0.1090646254,6.169924058,0.04379364125,0.04345805909,0.04362585017,1478849.769,156903.1315,140819.3133,148861.2224,23.422,0.15,2.64E+23,9.13E+22,3.38E+49,1.29E+49,49.5290396,0.1658710257
01 02 00.71,-72 27 12.7,O8.5 III((f)),8.5,III,14.2925,0.01628649747,-0.184,0.0211541958,Average,-0.27,0,33578.07965,1339.640996,-3.2653,0.1078970834,0.08593451101,0.02141258698,0.02045412809,0.02093335753,0.2353189658,0.05971123461,0.0570419475,0.05837659106,-4.920467089,0.06871342773,0.06983213883,0.06927278328,-8.186975376,0.1256716403,0.1215022019,0.1235869211,5.17079015,0.04860088077,0.05026865613,0.04943476845,148180.191,17545.95509,16196.12773,16871.04141,23.65,0.14,4.47E+23,1.44E+23,3.52E+48,1.33E+48,48.54592692,0.1638513095
01 02 08.65,-72 13 20.0,O7.5 Vnn,7.5,V,14.292,0.06519202405,-0.162,0.06619856494,Average,-0.28,0,37976.26782,2494.255123,-3.567066667,0.3823269721,0.119383056,0.06448952139,0.06398267406,0.06423609773,0.3268591698,0.1777656665,0.1761506796,0.1769581731,-5.012384094,0.1974216811,0.1960844687,0.1967530749,-8.579856927,0.4102131253,0.4406163029,0.4254147141,5.327942771,0.1762465212,0.1640852501,0.1701658856,212785.864,106507.0644,66952.28938,86729.67689,24.06,0.16,1.15E+24,4.23E+23,7.93E+48,4.75E+48,48.89925384,0.2599509073
01 02 10.90,-72 25 05.6,O9.5 V,9.5,V,14.8755,0.01929378138,-0.159,0.02088659857,Average,-0.28,0,32088.75162,1541.666128,-3.168666667,0.3463767911,0.1211778174,0.02109773984,0.02055605692,0.02082689838,0.3307149583,0.06066216113,0.05661209672,0.05863712892,-4.433909649,0.06938381349,0.07118381505,0.07028381427,-7.599339461,0.3431250833,0.344731733,0.3439284081,4.935735784,0.1378926932,0.1372500333,0.1375713633,86245.369,32230.11275,23369.2462,27799.67947,23.58,0.16,3.80E+23,1.40E+23,2.09E+48,1.09E+48,48.31968469,0.2269175217
01 02 14.44,-72 11 16.0,O9.5 V:n,9.5,V,14.429,0.0158113883,-0.18,0.02046948949,Average,-0.28,0,32088.75162,1541.666128,-3.168666667,0.3463767911,0.09978975378,0.01984729636,0.01980562844,0.0198264624,0.2734990099,0.05731717079,0.05636849096,0.05684283088,-4.821947746,0.06690105023,0.06730016653,0.06710060838,-7.985226113,0.340059542,0.3475343324,0.3437969372,5.090090445,0.139013733,0.1360238168,0.1375187749,123052.5021,46421.92644,33088.94297,39755.4347,23.58,0.16,3.80E+23,1.40E+23,2.98E+48,1.56E+48,48.47403935,0.2268856433
01 02 17.83,-71 51 43.5,O7-9,8,V,14.8545,0.01523975065,-0.1405,0.02676284738,Average,-0.28,0,36504.38877,2256.107874,-3.467466667,0.3733394268,0.1394763041,0.02599237487,0.02568366278,0.02583801883,0.3809447544,0.07590103812,0.0700939013,0.07299746971,-4.50367774,0.08015703756,0.0847827131,0.08246987533,-7.982621927,0.3936650659,0.3752983738,0.3844817199,5.089048771,0.1501193495,0.1574660264,0.153792688,122757.7079,50689.82236,37333.14908,44011.48572,23.94,0.16,8.71E+23,3.21E+23,4.06E+48,2.31E+48,48.60902864,0.2465344613
01 02 18.86,-72 17 40.4,O7-9 Vp:e,8,V,15.1575,0.03209750769,-0.007,0.03522073253,Average,-0.28,0,36504.38877,2256.107874,-3.467466667,0.3733394268,0.2733995837,0.03473517478,0.03518524261,0.03496020869,0.7474061343,0.1039858131,0.1017794687,0.1028826409,-4.567601465,0.1097363465,0.1117803955,0.110758371,-8.030091026,0.3890154078,0.3867369888,0.3878761983,5.10803641,0.1546947955,0.1556061631,0.1551504793,128243.8095,54874.26685,38618.58687,46746.42686,23.94,0.16,8.71E+23,3.21E+23,4.25E+48,2.42E+48,48.62801628,0.2473837524
01 02 19.06,-72 22 04.5,O9 III,9,III,14.1915,0.02647640459,-0.107,0.03288236609,Average,-0.26,0,32106.2006,1331.192051,-3.1657,0.09323094424,0.1528937682,0.03244186451,0.03247158996,0.03245672723,0.4179793163,0.09450450154,0.08989965803,0.09220207979,-5.203605201,0.09967745746,0.1055311127,0.1026042851,-8.369876838,0.1400181671,0.1376653114,0.1388417393,5.243950735,0.05506612458,0.05600726684,0.05553669571,175368.156,23706.90631,21218.17748,22462.5419,23.53,0.14,3.39E+23,1.09E+23,3.78E+48,1.45E+48,48.57695527,0.1669497885
01 02 19.13,-72 12 10.0,O9.5 V,9.5,V,14.686,0.01628649747,-0.18,0.01993740204,Average,-0.28,0,32088.75162,1541.666128,-3.168666667,0.3463767911,0.1000419897,0.02004331434,0.0202962106,0.02016976247,0.2739483195,0.05687563958,0.05769297046,0.05728430502,-4.565208378,0.06938018598,0.06701473351,0.06819745974,-7.729874823,0.3493537272,0.3493121274,0.3493329273,4.987949929,0.139724851,0.1397414909,0.1397331709,97263.50806,36912.47343,26760.37138,31836.42241,23.58,0.16,3.80E+23,1.40E+23,2.35E+48,1.24E+48,48.37189883,0.2282346177
01 02 39.22,-72 50 57.0,O7-B0,8.5,V,14.08,0.01,0.01,0.01,massey_only (V 4.94σ strong disagreement; BV 2.97σ),-0.28,0,35032.50972,2017.960626,-3.367866667,0.3643518816,0.2901435942,0.009831697214,0.009816795763,0.009824246489,0.7935027234,0.0486307296,0.04462283226,0.04662678093,-5.692090856,0.05939516235,0.05864037839,0.05901777037,-9.061144956,0.373182218,0.3689677187,0.3710749683,5.520457982,0.1475870875,0.1492728872,0.1484299873,331480.4991,134153.9148,96417.05477,115285.4848,23.82,0.16,6.61E+23,2.43E+23,9.82E+48,5.43E+48,48.99193317,0.2400929582
01 02 39.79,-71 59 47.8,O9.7 III:ne,9.7,III,13.488,0.007071067812,-0.091,0.008660254038,Average,-0.26,0,30045.56993,1319.363527,-3.02626,0.07269834936,0.1691630354,0.008733082015,0.008581244652,0.008657163334,0.4632857862,0.03252658612,0.03137996946,0.03195327779,-5.953177504,0.04618647574,0.04588905602,0.04603776588,-8.980222621,0.0828854907,0.08763106706,0.08525827888,5.488089048,0.03505242682,0.03315419628,0.03410331155,307672.7607,25862.28655,22613.69846,24237.99251,23.362,0.14,2.30E+23,7.42E+22,5.87E+48,2.20E+48,48.76832745,0.1630403236
01 02 42.86,-72 05 06.7,"O9,7: V:n + O9.7:",9.7,V,14.148,0.01628649747,-0.22,0.01993740204,Average,-0.27,0,31500,1446.407228,-3.128826667,0.342781773,0.04998968043,0.02042913747,0.02043472486,0.02043193116,0.1363297369,0.05614283275,0.05561776773,0.05588030024,-4.96593949,0.06789774684,0.06607724729,0.06698749707,-8.093006567,0.3495217069,0.3515916504,0.3505566786,5.133202627,0.1406366602,0.1398086828,0.1402226715,135894.734,51967.41539,37404.32407,44685.86973,23.532,0.16,3.40E+23,1.25E+23,3.17E+48,1.66E+48,48.5013206,0.2272118028
01 02 45.11,-71 56 12.4,O9.7 III: + O9.7,9.7,III,14.493,0.01720465053,-0.0625,0.02042057786,Average,-0.26,0,30045.56993,1319.363527,-3.02626,0.07269834936,0.1977056358,0.01965773475,0.02057511758,0.02011642616,0.5398908594,0.0623770451,0.06056210431,0.0614695747,-5.023839138,0.06937799166,0.0728652443,0.07112161798,-8.049318755,0.09816564739,0.105121543,0.1016435952,5.115727502,0.04204861719,0.03926625895,0.04065743807,130535.1588,13270.54743,11284.37378,12277.46061,23.362,0.14,2.30E+23,7.42E+22,2.49E+48,9.43E+47,48.39596591,0.1645361314
01 02 51.95,-71 48 24.8,O9 III,9,III,12.908,0.007071067812,-0.191,0.008660254038,Average,-0.26,0,32106.2006,1331.192051,-3.1657,0.09323094424,0.06910885727,0.008403559444,0.008518634741,0.008461097093,0.1886357839,0.02521332444,0.02405938304,0.02463635374,-6.258520143,0.04179124727,0.04184486379,0.04181805553,-9.422192421,0.1029276791,0.1018804024,0.1024040408,5.664876968,0.04075216098,0.04117107163,0.0409616163,462250.0517,45475.6277,41808.24175,43641.93473,23.53,0.14,3.39E+23,1.09E+23,9.95E+48,3.73E+48,48.9978815,0.1626830087
01 02 55.65,-72 06 05.1,O9 V,9,V,15.0675,0.01802775638,-0.295,0.03760319135,Average,-0.28,0,33560.63067,1779.813377,-3.268266667,0.3553643363,0,0.02318078625,0,0.01159039313,0,0.06351226138,0,0.03175613069,-3.925281692,0.04344063758,0.05875597082,0.0510983042,-7.19390012,0.3464558168,0.361992096,0.3542239564,4.773560048,0.1447968384,0.1385823267,0.1416895826,59369.043,23493.23841,16219.34795,19856.29318,23.7,0.16,5.01E+23,1.85E+23,1.58E+48,8.49E+47,48.19959979,0.2327302933
01 02 57.08,-72 08 09.1,O9.2 Ibnn,9.2,I,13.7895,0.02795084972,-0.1745,0.03082612528,Average,-0.25,0,29720.8456,954.1042308,-2.8758,0.08115537794,0.07521139565,0.0313100282,0.03098679388,0.03114841104,0.2064245721,0.08499687216,0.08482932119,0.08491309667,-5.393908922,0.09410570155,0.09420305494,0.09415437824,-8.269061146,0.122120364,0.121627032,0.121873698,5.203624459,0.04865081281,0.04884814561,0.04874947921,159817.5464,18944.481,17001.72794,17973.10447,23.422,0.15,2.64E+23,9.13E+22,3.65E+48,1.41E+48,48.56274001,0.1672916438
01 02 59.77,-72 04 47.6,O9.5 II:pe,9.5,II,13.6695,0.03634556369,-0.14,0.03860051813,Average,-0.24,0,28966.2319,918.6256374,-2.8098,0.07785208839,0.09792914845,0.03975098814,0.03802238512,0.03888668663,0.2680255669,0.1096570083,0.1037789608,0.1067179846,-5.578684774,0.1176512499,0.1176356521,0.117643451,-8.386793745,0.1410871784,0.1451095059,0.1430983421,5.250717498,0.05804380235,0.05643487135,0.05723933685,178121.9747,25470.30279,21705.45201,23587.8774,23.35,0.15,2.24E+23,7.73E+22,3.82E+48,1.49E+48,48.58250968,0.169739514
01 03 04.89,-71 53 35.5,O7-9,8,V,15.9425,0.03051638904,0.068,0.03469149752,Average,-0.28,0,36504.38877,2256.107874,-3.467466667,0.3733394268,0.3481300724,0.03600180379,0.03551128967,0.03575654673,0.9515394775,0.1090442707,0.1033017967,0.1061730337,-3.986196552,0.1130432242,0.1173616128,0.1152024185,-7.452298838,0.3851742917,0.3983606365,0.3917674641,4.876919535,0.1593442546,0.1540697167,0.1567069856,75321.60002,33386.97484,22495.34556,27941.1602,23.94,0.16,8.71E+23,3.21E+23,2.49E+48,1.43E+48,48.3968994,0.2483628979
01 03 09.27,-72 25 57.1,O9.7 V,9.7,V,13.92,0.01,-0.12,0.01,massey_only (V 9.3σ; BV 3.43σ strong disagreement),-0.27,0,31500,1446.407228,-3.128826667,0.342781773,0.1501147837,0.009825154896,0.009965594101,0.009895374498,0.410954502,0.03321032212,0.03358852076,0.03339942144,-5.467292551,0.04681158244,0.04819537214,0.04750347729,-8.595028599,0.33434717,0.3494889359,0.341918053,5.33401144,0.1397955744,0.133738868,0.1367672212,215780.1252,81939.19217,57191.30081,69565.24649,23.532,0.16,3.40E+23,1.25E+23,5.04E+48,2.61E+48,48.70212942,0.2250957097
01 03 10.55,-72 02 14.4,O9.7 Ib,9.7,I,13.058,0.007071067812,-0.161,0.008660254038,Average,-0.24,0,28463.1561,894.9732419,-2.7658,0.07564989535,0.0788786122,0.008411595021,0.008647235669,0.008529415345,0.2153615879,0.02659168832,0.02464672419,0.02561920626,-6.135079597,0.04177460687,0.04254047633,0.0421575416,-8.899185056,0.08584975941,0.08946966308,0.08765971124,5.455674022,0.03578786523,0.03433990376,0.0350638845,285544.6465,24526.88018,21708.60734,23117.74376,23.302,0.15,2.00E+23,6.92E+22,5.89E+48,2.22E+48,48.769902,0.1634413954
01 03 13.41,-72 05 57.4,O9 V,9,V,14.05,0.01,-0.14,0.01,massey_only (V 8.2σ strong disagreement; BV 2.50σ),-0.28,0,33560.63067,1779.813377,-3.268266667,0.3553643363,0.1398811016,0.009948940852,0.009907620769,0.00992828081,0.3828997337,0.03261597552,0.03148768631,0.03205183091,-5.309798093,0.04640702004,0.04771928134,0.04706315069,-8.575655688,0.3580382875,0.3655919504,0.3618151189,5.326262275,0.1462367801,0.143215315,0.1447260476,211964.0834,84859.94643,59542.32743,72201.13693,23.7,0.16,5.01E+23,1.85E+23,5.65E+48,3.05E+48,48.75230201,0.2345913052
01 03 13.98,-72 25 07.6,O8.5 V,8.5,V,14.4725,0.0158113883,-0.2075,0.01926136028,Average,-0.28,0,35032.50972,2017.960626,-3.367866667,0.3643518816,0.07290478754,0.01895194921,0.01946907726,0.01921051324,0.1992804359,0.05325341225,0.05305795253,0.05315568239,-4.703928054,0.06417530362,0.06532539742,0.06475035052,-8.076358454,0.3685706354,0.3712965479,0.3699335917,5.126543382,0.1485186192,0.1474282542,0.1479734367,133826.8888,54564.91412,38522.0113,46543.46271,23.82,0.16,6.61E+23,2.43E+23,3.96E+48,2.19E+48,48.59801857,0.2398109785
01 03 15.82,-72 02 51.5,O7-9,8,V,14.62,0.03,-0.14,0.03,massey_only (V 9.7σ strong disagreement; BV 1.93σ),-0.28,0,36504.38877,2256.107874,-3.467466667,0.3733394268,0.1396834381,0.03130803012,0.02965532162,0.03048167587,0.3818942532,0.08806418062,0.08131500726,0.08468959394,-4.741227317,0.09514702448,0.09471504634,0.09493103541,-8.213266658,0.3806861693,0.3778010627,0.379243616,5.181306663,0.1511204251,0.1522744677,0.1516974464,151812.2004,63182.1728,44898.78574,54040.47927,23.94,0.16,8.71E+23,3.21E+23,5.03E+48,2.84E+48,48.70128653,0.245232879
01 03 18.95,-71 54 13.1,O9.7 III:,9.7,III,14.5745,0.01680029762,-0.0555,0.02155226206,Average,-0.26,0,30045.56993,1319.363527,-3.02626,0.07269834936,0.2044768524,0.02166822927,0.02162277113,0.0216455002,0.5596434531,0.06623803557,0.06330454824,0.06477129191,-4.963002913,0.07382106592,0.07445556319,0.07413831456,-7.988155394,0.1030918007,0.1058375916,0.1044646962,5.091262158,0.04233503666,0.04123672028,0.04178587847,123384.9413,12633.31235,11176.52364,11904.918,23.362,0.14,2.30E+23,7.42E+22,2.35E+48,8.93E+47,48.37150056,0.1648186
01 03 21.30,-72 05 38.2,O5 V(n) + O6.5(n),6,V,13.328,0.0158113883,-0.201,0.02179449472,Average,-0.3,0,42391.90497,3208.69687,-3.865866667,0.4092896079,0.09860788265,0.02164100228,0.02218999833,0.02191550031,0.2693930798,0.06152196992,0.0614448047,0.06148338731,-5.918486693,0.07141231723,0.07135889782,0.07138560752,-9.788876574,0.4112137308,0.4107094006,0.4109615657,5.81155063,0.1642837603,0.1644854923,0.1643846263,647963.6298,297912.7911,204288.4303,251100.6107,24.42,0.16,2.63E+24,9.69E+23,3.56E+49,2.17E+49,49.55177909,0.2644082322
01 03 25.06,-71 56 35.8,O9.2 II:npe,9.2,II,13.66,0.01,-0.04,0.01,massey_only (Zaritsky errors extremely large; weighted mean Massey-dominated),-0.25,0,29720.8456,954.1042308,-2.8758,0.08115537794,0.2097634885,0.009857035554,0.009962874383,0.009909954969,0.5737846042,0.0398761347,0.03716233529,0.038519235,-5.892201707,0.05232474645,0.05051816677,0.05142145661,-8.765464608,0.09346177946,0.09918287951,0.09632232949,5.402185843,0.03967315181,0.03738471179,0.0385289318,252456.0851,24148.25837,20822.71194,22485.48516,23.422,0.15,2.64E+23,9.13E+22,5.77E+48,2.19E+48,48.76130139,0.1646039518
01 03 25.22,-72 07 03.8,O9 III:,9,III,13.6785,0.02110094785,-0.21,0.04302905995,Average,-0.26,0,32106.2006,1331.192051,-3.1657,0.09323094424,0.05024682449,0.04192051194,0.0429785923,0.04244955212,0.1374516934,0.1151481819,0.1175189293,0.1163335556,-5.436018275,0.1123127534,0.1224597126,0.117386233,-8.603019663,0.1435687831,0.150116932,0.1468428575,5.337207865,0.06004677279,0.05742751325,0.05873714302,217374.1342,32231.64588,26924.40827,29578.02707,23.53,0.14,3.39E+23,1.09E+23,4.68E+48,1.81E+48,48.6702124,0.1680415403
01 03 26.58,-72 57 02.8,O9.5 III,9.5,III,13.812,0.05522680509,-0.1565,0.0623778807,Average,-0.26,0,30634.32155,1322.743105,-3.0661,0.07856480504,0.1049262834,0.05948118877,0.06118608535,0.06033363706,0.286795133,0.1642187326,0.1668937699,0.1655562513,-5.451722747,0.1805059547,0.1781147691,0.1793103619,-8.517558243,0.1900559817,0.1879094114,0.1889826965,5.303023297,0.07516376455,0.07602239267,0.07559307861,200920.0601,37963.94027,32264.40596,35114.17311,23.41,0.14,2.57E+23,8.29E+22,3.96E+48,1.60E+48,48.59755042,0.1758994489
01 03 27.98,-72 00 22.0,O9.7 III:,9.7,III,14.435,0.027,-0.25,0.0354682957,Zaritsky,-0.26,0,30045.56993,1319.363527,-3.02626,0.07269834936,0.009290711108,0.03741366612,0.009290711108,0.02335218861,0.02556685404,0.1010261473,0.02556685404,0.06329650065,-4.581808232,0.05897845293,0.09591881174,0.07744863233,-7.615592859,0.09865009442,0.1141847428,0.1064174186,4.942237144,0.04567389712,0.03946003777,0.04256696744,87546.16846,9708.630636,7603.782448,8656.206542,23.362,0.14,2.30E+23,7.42E+22,1.67E+48,6.34E+47,48.22247555,0.1650183565
01 03 28.81,-72 01 28.9,O9.5 + B0.5-2,9.5,V,15.473,0.03332041416,-0.2765,0.03763641853,Average,-0.28,0,32088.75162,1541.666128,-3.168666667,0.3463767911,0.003354222041,0.03774220336,0.003354222041,0.0205482127,0.009354493373,0.1029684705,0.009354493373,0.05616148192,-3.53833303,0.06050007246,0.08733495084,0.07391751165,-6.727733001,0.3584073822,0.3582333729,0.3583203776,4.5870932,0.1432933492,0.1433629529,0.143328151,38644.99009,15106.0103,10865.11741,12985.56386,23.58,0.16,3.80E+23,1.40E+23,9.35E+47,4.96E+47,47.97104211,0.23045312
01 03 28.84,-72 02 34.3,O9.2 III:(n)pe,9.2,III,13.85,0.01,-0.02,0.01,massey_only (V 8.5σ; BV 5.7σ strong disagreement),-0.26,0,31517.44898,1327.812472,-3.12586,0.08736448856,0.2398628479,0.009548565601,0.009960120204,0.009754342902,0.656728408,0.04168376139,0.04100727218,0.04134551679,-5.7833264,0.05212719055,0.05567945366,0.05390332211,-8.909330966,0.1016512715,0.1018366481,0.1017439598,5.459732387,0.04073465922,0.04066050858,0.0406975839,288225.4902,28342.53409,25760.20012,27051.3671,23.482,0.14,3.03E+23,9.78E+22,5.98E+48,2.25E+48,48.77688835,0.1631334812
01 03 29.73,-72 17 55.6,O9.7 Vn + B,9.7,V,15.02,0.01761391495,-0.0795,0.01955760722,Average,-0.27,0,31500,1446.407228,-3.128826667,0.342781773,0.1904687357,0.01896014098,0.01924170928,0.01910092513,0.5218814747,0.05789451744,0.05891967102,0.05840709423,-4.478331364,0.0690255458,0.06868285323,0.06885419952,-7.604332544,0.3330387391,0.346617091,0.3398279151,4.937733017,0.1386468364,0.1332154957,0.135931166,86642.90749,32585.53042,22887.42705,27736.47873,23.532,0.16,3.40E+23,1.25E+23,2.02E+48,1.05E+48,48.30585099,0.2245887077
01 03 31.95,-72 05 21.6,O8: V: + B + B,8,V,13.9255,0.03090711892,-0.2685,0.0329772649,Average,-0.28,0,36504.38877,2256.107874,-3.467466667,0.3733394268,0.01212015286,0.03282755251,0.01212015286,0.02247385268,0.03326127828,0.08913329775,0.03326127828,0.06119728801,-5.096519519,0.06386948226,0.09026588557,0.07706768391,-8.57157566,0.3733098011,0.3904980592,0.3819039302,5.324630264,0.1561992237,0.1493239205,0.1527615721,211169.0535,91403.5038,61439.90887,76421.70634,23.94,0.16,8.71E+23,3.21E+23,6.99E+48,3.96E+48,48.84461013,0.245892553
01 03 35.67,-72 06 36.2,O9 V,9,V,14.5855,0.01486606875,-0.237,0.02908607914,Average,-0.28,0,33560.63067,1779.813377,-3.268266667,0.3553643363,0.04213119881,0.03021552341,0.02911471903,0.02966512122,0.1148875191,0.0829777778,0.07924508144,0.08111142962,-4.508017608,0.08595070577,0.08706410053,0.08650740315,-7.779908082,0.3599004284,0.3519485985,0.3559245134,5.007963233,0.1407794394,0.1439601714,0.1423698054,101850.5158,38994.88722,28736.092,33865.48961,23.7,0.16,5.01E+23,1.85E+23,2.72E+48,1.46E+48,48.43400297,0.2331450474
01 03 35.92,-72 03 22.1,WN4 + O6 I(f),5,I,12.988,0.007071067812,-0.061,0.008660254038,Average,-0.27,0,40285.4374,1450.804537,-3.7998,0.1274014317,0.2089002432,0.008532916284,0.008835943002,0.008684429643,0.5714279571,0.03627162715,0.03430817551,0.03528990133,-6.560917281,0.04761477828,0.04952047731,0.04856762779,-10.36144216,0.12906125,0.1313551664,0.1302082082,6.040576864,0.05254206655,0.05162450001,0.05208328328,1097935.592,141200.2927,123052.8879,132126.5903,24.43,0.15,2.69E+24,9.30E+23,7.57E+49,2.98E+49,49.87934472,0.1706650905
01 03 43.34,-72 03 03.2,O9.5 III: + O9.2,9.5,III,13.588,0.007071067812,-0.171,0.008660254038,Average,-0.26,0,30634.32155,1322.743105,-3.0661,0.07856480504,0.08903518179,0.008666505325,0.008921373894,0.008793939609,0.2432578663,0.02750441276,0.02632081361,0.02691261318,-5.633237164,0.04344595248,0.04300983517,0.04322789382,-8.698600019,0.08706117293,0.08932049284,0.08819083289,5.375440008,0.03572819714,0.03482446917,0.03527633315,237377.7493,20354.16825,18291.28904,19322.72864,23.41,0.14,2.57E+23,8.29E+22,4.68E+48,1.75E+48,48.66996713,0.1626982553
01 03 44.68,-72 05 58.4,O9 III,9,III,13.388,0.007071067812,-0.161,0.008660254038,Average,-0.26,0,32106.2006,1331.192051,-3.1657,0.09323094424,0.09894194678,0.008752565806,0.008778789438,0.008765677622,0.2703486533,0.02742501596,0.02619869411,0.02681185504,-5.859514178,0.04217667104,0.04423793507,0.04320730305,-9.025741604,0.1035068435,0.1011973579,0.1023521007,5.506296642,0.04047894314,0.04140273739,0.04094084026,320846.0098,31342.82659,29174.57083,30258.69871,23.53,0.14,3.39E+23,1.09E+23,6.91E+48,2.59E+48,48.83930118,0.1626777787
01 03 56.38,-72 41 18.2,O9 V,9,V,15.637,0.02051828453,-0.2475,0.04900255095,Average,-0.28,0,33560.63067,1779.813377,-3.268266667,0.3553643363,0.03275388479,0.04901411178,0.03275388479,0.04088399829,0.08963405959,0.1327304797,0.08963405959,0.1111822697,-3.429324209,0.09049033301,0.1397010767,0.1150957049,-6.71701705,0.3710423148,0.375974942,0.3735086284,4.58280682,0.1503899768,0.1484169259,0.1494034514,38265.44956,15834.49211,11076.65849,13455.5753,23.7,0.16,5.01E+23,1.85E+23,1.02E+48,5.58E+47,48.00884656,0.2375054587
01 04 01.15,-72 33 11.5,O7 III,7,III,13.216,0.01,-0.042,0.01414213562,Zaritsky,-0.28,0,37993.7168,1364.987833,-3.5641,0.151895501,0.2378551964,0.01407177375,0.0141373434,0.01410455857,0.6509563634,0.05109705887,0.04852308401,0.04981007144,-6.413530565,0.06069785975,0.05853466655,0.05961626315,-9.974985806,0.1645599047,0.1606363548,0.1625981297,5.885994322,0.06425454192,0.06582396186,0.06503925189,769120.3855,122641.4181,108167.7169,115404.5675,24.01,0.14,1.02E+24,3.30E+23,2.55E+49,9.78E+48,49.40650739,0.166508979
01 04 03.43,-72 51 33.2,O9.5 III,9.5,III,15.372,0.03,-0.201,0.034,Zaritsky,-0.26,0,30634.32155,1322.743105,-3.0661,0.07856480504,0.05927903308,0.0341733112,0.03317471489,0.03367401305,0.1627233332,0.0940376601,0.09131384167,0.09267575089,-3.769194664,0.1011705533,0.1021832008,0.101676877,-6.837113301,0.127941266,0.1281415259,0.1280413959,4.63084532,0.05125661035,0.05117650639,0.05121655837,42741.06313,5354.158542,4751.105092,5052.631817,23.41,0.14,2.57E+23,8.29E+22,8.42E+47,3.24E+47,47.92537245,0.1668815102
01 04 05.04,-72 04 48.4,O6 III(n),6,III,13.638,0.007071067812,-0.211,0.008660254038,Average,-0.28,0,40937.4749,1381.885724,-3.7633,0.1812277794,0.06915128104,0.008779098292,0.008661174276,0.008720136284,0.1888296965,0.02640314787,0.02467974614,0.02554144701,-5.528381879,0.04135061207,0.04214793422,0.04174927315,-9.292841034,0.1844148337,0.180160126,0.1822874799,5.613136413,0.07206405042,0.07376593348,0.07291499195,410332.9702,74062.93575,64098.35884,69080.6473,24.25,0.14,1.78E+24,5.73E+23,1.75E+49,6.80E+48,49.2440124,0.1683902258
01 04 16.86,-72 00 54.7,O9 V:,9,V,14.5515,0.04171630377,-0.219,0.1351018135,Average,-0.28,0,33560.63067,1779.813377,-3.268266667,0.3553643363,0.0603994921,0.1351806628,0.0603994921,0.09779007745,0.1645012799,0.367995928,0.1645012799,0.266248604,-4.589133955,0.1720034177,0.3748256446,0.2734145312,-7.92507827,0.4367705284,0.4589981243,0.4478843264,5.066031308,0.1835992497,0.1747082113,0.1791537305,116420.997,61255.73496,38559.43778,49907.58637,23.7,0.16,5.01E+23,1.85E+23,3.11E+48,1.84E+48,48.49207105,0.257261561
01 04 27.84,-72 04 52.5,Ope,7,V,14.403,0.01802775638,-0.1215,0.0231354706,Average,-0.29,0,39448.14687,2732.402372,-3.666666667,0.3913145173,0.1687869734,0.0224535681,0.02270731611,0.02258044211,0.4610295562,0.06694449322,0.06469765833,0.06582107578,-5.034510072,0.07142285237,0.07791796775,0.07467041006,-8.6939553,0.3960051127,0.3947564753,0.395380794,5.37358212,0.1579025901,0.1584020451,0.1581523176,236364.4338,103640.102,72237.41719,87938.75962,24.18,0.16,1.51E+24,5.58E+23,9.97E+48,5.86E+48,48.99883589,0.2551287777
01 04 53.27,-72 40 34.2,O8.5 V,8.5,V,15.043,0.01844586675,-0.224,0.01991230775,Average,-0.28,0,35032.50972,2017.960626,-3.367866667,0.3643518816,0.05675010389,0.01960084959,0.02027844142,0.01993964551,0.1552511121,0.05403557425,0.05650168241,0.05526862833,-4.088556371,0.06715984484,0.06609986605,0.06662985545,-7.461056455,0.3784596218,0.3719300575,0.3751948397,4.880422582,0.148772023,0.1513838487,0.1500779359,75931.60539,31021.79707,22347.16054,26684.4788,23.82,0.16,6.61E+23,2.43E+23,2.25E+48,1.25E+48,48.35189777,0.2411152303
01 04 55.74,-72 46 48.1,O9.2 Iab,9.2,I,12.618,0.007071067812,-0.151,0.008660254038,Average,-0.25,0,29720.8456,954.1042308,-2.8758,0.08115537794,0.09897625616,0.008679260869,0.008457471218,0.008568366043,0.2707468573,0.02716549037,0.02593884697,0.02655216867,-6.630228014,0.04234064233,0.04315139346,0.0427460179,-9.50554258,0.08986419422,0.09278441264,0.09132430343,5.698217032,0.03711376505,0.03594567769,0.03652972137,499133.8599,44530.41652,39648.84308,42089.6298,23.422,0.15,2.64E+23,9.13E+22,1.14E+49,4.31E+48,49.05733258,0.1641475035
01 05 05.75,-72 08 06.9,O9.5 V,9.5,V,15.147,0.01720465053,-0.2315,0.02069420209,Average,-0.28,0,32088.75162,1541.666128,-3.168666667,0.3463767911,0.04912391394,0.02036962987,0.02094793261,0.02065878124,0.1339021902,0.05683287279,0.05713755783,0.05698521531,-3.964204697,0.06828361705,0.06686945533,0.06757653619,-7.127776771,0.3510660748,0.3524553146,0.3517606947,4.747110709,0.1409821258,0.1404264299,0.1407042779,55861.25782,21423.3198,15433.06959,18428.1947,23.58,0.16,3.80E+23,1.40E+23,1.35E+48,7.13E+47,48.13105961,0.2288304514
01 05 07.38,-72 48 18.7,O3.5 V((f))z,3.5,V,14.522,0.01533786165,-0.226,0.02600480725,Average,-0.3,0,49751.30022,4399.433114,-4.363866667,0.4542273341,0.07397032712,0.02575084723,0.02559296064,0.02567190394,0.2019343241,0.07110868851,0.07018277909,0.0706457338,-4.656584762,0.0774960196,0.07851865509,0.07800733734,-9.030889877,0.4772345825,0.4388212784,0.4580279304,5.508355951,0.1755285114,0.190893833,0.1832111722,322370.9904,160559.3778,114658.7368,137609.0573,25.02,0.16,1.05E+25,3.86E+24,3.72E+49,2.46E+49,49.5704984,0.287687719
01 05 09.44,-72 05 34.7,O9.5 III,9.5,III,13.833,0.0250049995,-0.2265,0.0279553215,Average,-0.26,0,30634.32155,1322.743105,-3.0661,0.07856480504,0.03299740226,0.027927939,0.02824783489,0.02808788695,0.09006101284,0.07638587719,0.07710565918,0.07674576818,-5.235158454,0.07937873475,0.08603058866,0.0827046617,-8.302128151,0.1092216533,0.1183940527,0.113807853,5.21685126,0.04735762107,0.0436886613,0.04552314118,164759.8016,18982.3856,15767.92193,17375.15377,23.41,0.14,2.57E+23,8.29E+22,3.25E+48,1.23E+48,48.51137839,0.1652230582
01 05 21.72,-72 08 42.5,O9 V,9,V,15.6615,0.02018043607,-0.191,0.0232271393,Average,-0.28,0,33560.63067,1779.813377,-3.268266667,0.3553643363,0.088996208,0.02303408154,0.02320677603,0.02312042879,0.2433262374,0.06574435877,0.06434999421,0.06504717649,-3.558988991,0.07543905839,0.0760170796,0.075728069,-6.826728192,0.3622884158,0.3541107041,0.35819956,4.626691277,0.1416442816,0.1449153663,0.143279824,42334.19259,16324.92947,12010.93115,14167.93031,23.7,0.16,5.01E+23,1.85E+23,1.13E+48,6.08E+47,48.05273102,0.2337018605
01 05 28.61,-72 29 23.4,O9.7 III(n),9.7,III,14.7995,0.01720465053,-0.195,0.02069420209,Average,-0.26,0,30045.56993,1319.363527,-3.02626,0.07269834936,0.06479964671,0.01987938046,0.02087050291,0.02037494168,0.1773631254,0.05519985434,0.05743882286,0.0563193386,-4.354804486,0.06946501699,0.06758030271,0.06852265985,-7.379828676,0.09873314917,0.09753347056,0.09813330987,4.847931471,0.03901338822,0.03949325967,0.03925332395,70458.1881,6622.371482,6124.535302,6373.453392,23.362,0.14,2.30E+23,7.42E+22,1.34E+48,5.08E+47,48.12816988,0.1641948072
01 05 30.60,-72 01 21.7,O9 + O9.5-B0,9,V,14.68,0.02,-0.15,0.02,massey_only (V 13.5σ; BV 7.2σ strong disagreement),-0.28,0,33560.63067,1779.813377,-3.268266667,0.3553643363,0.1302234468,0.01987172582,0.02015429483,0.02001301033,0.3558161015,0.05749434848,0.05525535798,0.05637485323,-4.651979178,0.06648990652,0.06890916767,0.06769953709,-7.930761568,0.3655321331,0.35527656,0.3604043465,5.068304627,0.142110624,0.1462128533,0.1441617386,117032.0002,45304.1533,33454.03872,39379.09601,23.7,0.16,5.01E+23,1.85E+23,3.12E+48,1.68E+48,48.49434437,0.2342435879
01 05 39.53,-72 29 26.9,O3.5 V((fc))z,3.5,V,14.105,0.02304886114,-0.233,0.03051638904,Average,-0.3,0,49751.30022,4399.433114,-4.363866667,0.4542273341,0.06671475777,0.03115496703,0.03044912218,0.0308020446,0.1824121072,0.08499966636,0.0834108015,0.08420523393,-5.054656879,0.09458898678,0.09508130396,0.09483514537,-9.422398354,0.4689936594,0.4625466451,0.4657701522,5.664959342,0.185018658,0.1875974637,0.1863080609,462337.7427,245572.1801,162171.4801,203871.8301,25.02,0.16,1.05E+25,3.86E+24,5.33E+49,3.56E+49,49.72710179,0.2896697837
01 05 39.85,-72 20 27.0,O9.5 IV,9.5,IV,14.787,0.01761391495,-0.1285,0.01804161855,Average,-0.26,0,30634.32155,1322.743105,-3.0661,0.07856480504,0.1316730392,0.01790970734,0.01823406435,0.01807188584,0.3595097615,0.0526343578,0.05204279664,0.05233857722,-4.548813115,0.06197448597,0.06569927735,0.06383688166,-7.616160083,0.1025360917,0.1012523084,0.1018942001,4.942464033,0.04050092337,0.04101443669,0.04075768003,87591.9175,8561.551408,7893.518612,8227.53501,23.41,0.14,2.57E+23,8.29E+22,1.73E+48,6.52E+47,48.23699116,0.1639740561
01 05 39.94,-72 16 05.5,O9.2 III + early B,9.2,III,13.891,0.03832753579,-0.2365,0.04047221269,Average,-0.26,0,31517.44898,1327.812472,-3.12586,0.08736448856,0.02425734942,0.04041501123,0.02425734942,0.03233618033,0.06717530885,0.1098602837,0.06717530885,0.08851779625,-5.160485598,0.08573932081,0.1101920122,0.09796566652,-8.292957039,0.1243966981,0.1362051519,0.130300925,5.213182815,0.05448206078,0.04975867922,0.05212037,163373.953,21836.23655,17685.83384,19761.03519,23.482,0.14,3.03E+23,9.78E+22,3.39E+48,1.30E+48,48.53033877,0.166351352
01 05 41.20,-72 03 41.0,O7-9,8,V,14.28,0.02,0.41,0.02,massey_only (V 14.5σ; BV 11.4σ extreme disagreement),-0.28,0,36504.38877,2256.107874,-3.467466667,0.3733394268,0.6902259525,0.01912670935,0.01963550611,0.01938110773,1.889035525,0.1055798187,0.1024910266,0.1040354227,-6.587343873,0.1110429394,0.1133209412,0.1121819403,-10.06307107,0.3916961709,0.3807393747,0.3862177728,5.921228428,0.1522957499,0.1566784683,0.1544871091,834119.804,350350.5061,252619.4467,301484.9764,23.94,0.16,8.71E+23,3.21E+23,2.76E+49,1.57E+49,49.4412083,0.2469682501
01 05 42.62,-72 27 47.7,O9.7 V(n),9.7,V,14.893,0.033,0.083,0.1771016657,Average,-0.27,0,31500,1446.407228,-3.128826667,0.342781773,0.3573193825,0.1738887523,0.1818811429,0.1778849476,0.9757880336,0.4795183211,0.4907919412,0.4851551311,-5.060778367,0.4976581336,0.4829510485,0.490304591,-8.180109141,0.586559913,0.5904395778,0.5884997454,5.168043656,0.2361758311,0.2346239652,0.2353998982,147246.0572,106394.9713,61459.40989,83927.19061,23.532,0.16,3.40E+23,1.25E+23,3.44E+48,2.34E+48,48.53616163,0.2955941776
01 05 44.03,-72 14 40.4,O9.7 V: + early B,9.7,V,13.638,0.007071067812,-0.161,0.008660254038,Average,-0.27,0,31500,1446.407228,-3.128826667,0.342781773,0.1090967188,0.008419985728,0.008668001787,0.008543993757,0.2981834637,0.02850720809,0.02708755746,0.02779738277,-5.637648383,0.04348893101,0.04412037415,0.04380465258,-8.772583128,0.3430749889,0.3456033245,0.3443391567,5.405033251,0.1382413298,0.1372299956,0.1377356627,254116.7273,95244.40153,68847.51477,82045.95815,23.532,0.16,3.40E+23,1.25E+23,5.93E+48,3.08E+48,48.77315123,0.2256854415
01 05 46.29,-72 06 51.2,O9.5 III-Ve,9.5,IV,14.711,0.01486606875,-0.106,0.02008108563,Average,-0.26,0,30634.32155,1322.743105,-3.0661,0.07856480504,0.1543441181,0.01980618557,0.02042959352,0.02011788955,0.42228207,0.0581356321,0.05914189804,0.05863876507,-4.687630719,0.06824595078,0.06944947806,0.06884771442,-7.753482753,0.1019215319,0.106529011,0.1042252714,4.997393101,0.04261160441,0.04076861274,0.04169010857,99401.53743,10247.47026,8906.557412,9577.013835,23.41,0.14,2.57E+23,8.29E+22,1.96E+48,7.41E+47,48.29192023,0.1642083059
01 06 09.81,-71 56 00.7,O9.5 Ia,9.5,I,13.979,0.066,-0.042,0.07057619995,Zaritsky,-0.24,0,28966.2319,918.6256374,-2.8098,0.07785208839,0.1977768233,0.06787144514,0.0692185428,0.06854499397,0.5420389196,0.1905398704,0.1916235115,0.191081691,-5.537719504,0.2026282266,0.2087510029,0.2056896147,-8.350989617,0.2177097938,0.2201528345,0.2189313141,5.236395847,0.0880611338,0.0870839175,0.08757252565,172343.8727,38740.93719,31313.73524,35027.33622,23.35,0.15,2.24E+23,7.73E+22,3.70E+48,1.55E+48,48.56818803,0.1822199445
01 06 10.45,-72 23 19.6,O7 V,7,V,14.767,0.03020347662,-0.2315,0.1160010776,Average,-0.29,0,39448.14687,2732.402372,-3.666666667,0.3913145173,0.05880058174,0.1167215161,0.05880058174,0.08776104894,0.1596749976,0.3200059321,0.1596749976,0.2398404649,-4.370547831,0.1650174248,0.3217589651,0.243388195,-8.079368398,0.4382891703,0.4927890129,0.4655390916,5.127747359,0.1971156051,0.1753156681,0.1862156366,134198.4069,77083.82097,44572.88618,60828.35358,24.18,0.16,1.51E+24,5.58E+23,5.66E+48,3.56E+48,48.75300113,0.2734132421
01 06 15.48,-72 32 56.4,O9 V,9,V,15.096,0.01802775638,-0.2105,0.02111871208,Average,-0.28,0,33560.63067,1779.813377,-3.268266667,0.3553643363,0.06940876999,0.02042627416,0.02117904888,0.02080266152,0.1906163148,0.05464200555,0.05843573058,0.05653886806,-4.070718366,0.06775262544,0.06840896652,0.06808079598,-7.35022016,0.364170751,0.3566569222,0.3604138366,4.836088064,0.1426627689,0.1456683004,0.1441655346,68562.72412,26662.24362,19537.48015,23099.86189,23.7,0.16,5.01E+23,1.85E+23,1.83E+48,9.86E+47,48.2621278,0.2342459242
01 06 17.22,-72 27 46.7,O8.5:Ib + OBpe,8.5,I,13.248,0.01118033989,-0.131,0.015,Average,-0.25,0,31481.6109,1036.887615,-3.0298,0.08886305356,0.1193867436,0.01503476852,0.01507309217,0.01505393034,0.3262735529,0.04427012217,0.04328143959,0.04377578088,-6.056130832,0.05653563638,0.05417628253,0.05535595946,-9.083682382,0.1054683195,0.1055231969,0.1054957582,5.529472953,0.04220927877,0.0421873278,0.04219830328,338433.194,34543.96067,31329.08659,32936.52363,23.59,0.15,3.89E+23,1.34E+23,9.05E+48,3.46E+48,48.95660536,0.165995153
01 06 51.16,-72 33 21.7,O8.5 V,8.5,V,15.301,0.02086264605,-0.1915,0.01914418972,Average,-0.28,0,35032.50972,2017.960626,-3.367866667,0.3643518816,0.08857416722,0.01905138785,0.01906599136,0.01905868961,0.242479538,0.0534550101,0.05318651421,0.05332076215,-3.91809493,0.06444190074,0.06698485945,0.0657133801,-7.293712551,0.3571016817,0.356691169,0.3568964254,4.81348502,0.1426764676,0.1428406727,0.1427585701,65085.61663,25312.93866,18242.65467,21777.79666,23.82,0.16,6.61E+23,2.43E+23,1.93E+48,1.05E+48,48.28496021,0.2366287742
01 07 00.92,-72 13 16.3,O9.5 III,9.5,III,13.71,0.01,-0.22,0.01,massey_only (Zaritsky errors very large; weighted mean Massey-dominated),-0.26,0,30634.32155,1322.743105,-3.0661,0.07856480504,0.04032090074,0.009896135681,0.009818432516,0.009857284099,0.1103642937,0.02776017452,0.02740904616,0.02758461034,-5.377897489,0.04477446262,0.04356606296,0.04417026279,-8.443176298,0.0906802251,0.09276516566,0.09172269538,5.273270519,0.03710606626,0.03627209004,0.03668907815,187616.2794,16734.63508,15033.11445,15883.87476,23.41,0.14,2.57E+23,8.29E+22,3.70E+48,1.39E+48,48.56779765,0.1630104016
01 07 06.26,-71 57 46.5,O9 Ve,9,V,14.9945,0.01680029762,-0.1875,0.02064582282,Average,-0.28,0,33560.63067,1779.813377,-3.268266667,0.3553643363,0.09243632056,0.02072911983,0.02049742753,0.02061327368,0.2526244907,0.05853877937,0.05606672375,0.05730275156,-4.236110565,0.06927643381,0.06785697824,0.06856670602,-7.509463061,0.3562702254,0.3641128019,0.3601915137,4.899785224,0.1456451208,0.1425080902,0.1440766055,79393.5507,31633.89436,22209.2077,26921.55103,23.7,0.16,5.01E+23,1.85E+23,2.12E+48,1.14E+48,48.32582496,0.2341912037
01 07 06.98,-72 08 46.7,O8 V,8,V,15.253,0.02553918558,-0.2135,0.02843413442,Average,-0.28,0,36504.38877,2256.107874,-3.467466667,0.3733394268,0.06478580999,0.02820217149,0.02841947287,0.02831082218,0.1766699831,0.0798444851,0.07747959458,0.07866203984,-3.900443299,0.08569330875,0.09038490662,0.08803910768,-7.368476891,0.3696727116,0.3848275709,0.3772501412,4.843390756,0.1539310283,0.1478690846,0.1509000565,69725.36085,29659.85856,20120.79285,24890.32571,23.94,0.16,8.71E+23,3.21E+23,2.31E+48,1.30E+48,48.36337062,0.2447404273
01 07 07.29,-73 11 10.0,O8 V + O9,8.5,V,14.941,0.02086264605,-0.209,0.0225,Average,-0.28,0,35032.50972,2017.960626,-3.367866667,0.3643518816,0.07173561609,0.02294633611,0.02251008473,0.02272821042,0.1963616273,0.06400885575,0.06101335154,0.06251110365,-4.231676996,0.07175829977,0.07597758941,0.07386794459,-7.602362079,0.3720791164,0.3630857641,0.3675824403,4.936944832,0.1452343057,0.1488316466,0.1470329761,86485.80568,34345.40789,25093.60563,29719.50676,23.82,0.16,6.61E+23,2.43E+23,2.56E+48,1.41E+48,48.40842002,0.2392318196
01 07 14.27,-72 13 47.5,O8 II(fc),8,II,15.2025,0.01802775638,-0.254,0.02165640783,Average,-0.25,0,32739.3004,1096.018604,-3.1398,0.09436853614,0,0.01690892754,0,0.008454463772,0,0.04616091793,0,0.02308045896,-3.788641698,0.04091046313,0.04850050478,0.04470548395,-6.933116657,0.1027361998,0.1059027431,0.1043194715,4.669246663,0.04236109724,0.04109447993,0.04172778859,46692.45007,4783.901732,4215.611781,4499.756757,23.71,0.15,5.13E+23,1.77E+23,1.41E+48,5.38E+47,48.14832928,0.1662025941
01 07 19.16,-72 35 13.2,O9.5 Ib,9.5,I,14.83,0.02,-0.01,0.02,massey_only (V 12.4σ; BV 5.8σ strong disagreement),-0.24,0,28966.2319,918.6256374,-2.8098,0.07785208839,0.2306825721,0.01965102132,0.02024249767,0.0199467595,0.6314519793,0.06345244902,0.06198218543,0.06271731722,-4.779348275,0.07307970347,0.07265376616,0.07286673482,-7.588365795,0.1071809247,0.1073692242,0.1072750745,4.931346318,0.04294768969,0.04287236989,0.04291002979,85378.06714,8874.677961,8025.639413,8450.158687,23.35,0.15,2.24E+23,7.73E+22,1.83E+48,6.98E+47,48.2631385,0.1654582472
01 07 20.64,-72 15 47.7,O9.7 III,9.7,III,15.342,0.02102974084,-0.2185,0.02421260003,Average,-0.26,0,30045.56993,1319.363527,-3.02626,0.07269834936,0.04141339833,0.02458910031,0.02366093128,0.02412501579,0.1129949976,0.06717379272,0.0648164094,0.06599510106,-3.748216511,0.07442780277,0.07752021189,0.07597400733,-6.776448015,0.1055240757,0.1030790298,0.1043015528,4.606579206,0.04123161193,0.04220963029,0.04172062111,40418.40826,4025.354243,3743.454425,3884.404334,23.362,0.14,2.30E+23,7.42E+22,7.71E+47,2.92E+47,47.88681761,0.1648020676
01 07 34.35,-72 35 05.3,O9.5 V,9.5,V,15.395,0.01844586675,-0.2105,0.01972941966,Average,-0.28,0,32088.75162,1541.666128,-3.168666667,0.3463767911,0.06887618127,0.02026285679,0.01976798843,0.02001542261,0.1879874118,0.05701473103,0.05380955963,0.05541214533,-3.769993699,0.06493525204,0.06805581531,0.06649553367,-6.941048492,0.3490979297,0.3491344306,0.3491161802,4.672419397,0.1396537722,0.1396391719,0.1396464721,47034.8105,17839.56268,12932.7787,15386.17069,23.58,0.16,3.80E+23,1.40E+23,1.14E+48,5.98E+47,48.0563683,0.228181548
01 07 39.64,-72 25 47.0,O9.7 IV:,9.7,IV,15.447,0.04085339643,-0.1555,0.04981214711,Average,-0.26,0,30045.56993,1319.363527,-3.02626,0.07269834936,0.1042721645,0.04908488187,0.05154302343,0.05031395265,0.2836132319,0.1390276608,0.1396204168,0.1393240388,-3.814288243,0.1478120848,0.1478977546,0.1478549197,-6.839627977,0.1663255096,0.1629888169,0.1646571633,4.631851191,0.06519552677,0.06653020384,0.0658628653,42840.17072,6938.892314,6084.784797,6511.838556,23.362,0.14,2.30E+23,7.42E+22,8.17E+47,3.24E+47,47.9120896,0.1725022559
01 07 40.39,-72 51 00.1,O9.7 III,9.7,III,13.278,0.01118033989,-0.171,0.015,Average,-0.26,0,30045.56993,1319.363527,-3.02626,0.07269834936,0.08920526417,0.01430144805,0.0146197772,0.01446061263,0.2436939905,0.04258046138,0.04139769306,0.04198907722,-5.943482348,0.05461578453,0.05446227465,0.05453902959,-8.967540685,0.08872454261,0.09256204407,0.09064329334,5.483016274,0.03702481763,0.03548981704,0.03625731734,304099.8976,27062.55596,23862.2641,25462.41003,23.362,0.14,2.30E+23,7.42E+22,5.80E+48,2.18E+48,48.76325468,0.1635044474
01 07 59.83,-72 00 54.0,O7 Vz,7,V,14.6615,0.01680029762,-0.2035,0.02035927307,Average,-0.29,0,39448.14687,2732.402372,-3.666666667,0.3913145173,0.08682133205,0.02034515531,0.0207993522,0.02057225376,0.2374206835,0.05688577188,0.05731433745,0.05710005466,-4.553512439,0.06675662708,0.06712007995,0.06693835351,-8.217849553,0.3951140971,0.4016851601,0.3983996286,5.183139821,0.160674064,0.1580456388,0.1593598514,152454.3603,68251.51121,46506.01374,57378.76247,24.18,0.16,1.51E+24,5.58E+23,6.43E+48,3.79E+48,48.80839359,0.2558790728
01 08 06.13,-72 33 01.0,O7 V,7,V,14.8185,0.0158113883,-0.2035,0.0175,Average,-0.29,0,39448.14687,2732.402372,-3.666666667,0.3913145173,0.08652450618,0.01695545741,0.01735730115,0.01715637928,0.2369095795,0.05010447325,0.04854471055,0.0493245919,-4.395764527,0.06045871992,0.06033208149,0.06039540071,-8.085139272,0.4112642668,0.3845963705,0.3979303186,5.130055709,0.1538385482,0.1645057067,0.1591721275,134913.593,57348.76192,42539.5382,49944.15006,24.18,0.16,1.51E+24,5.58E+23,5.69E+48,3.35E+48,48.75530948,0.2557622017
01 08 17.91,-71 59 54.4,O3 V((f*))z+?,3,V,14.057,0.01820027472,-0.099,0.02152905014,Average,-0.3,0,51223.17927,4637.580363,-4.463466667,0.4632148794,0.2008987179,0.02144573336,0.0221604805,0.02180310693,0.5487234357,0.06719229535,0.06382843685,0.0655103661,-5.469796571,0.07390367419,0.0749287036,0.0744161889,-9.934031696,0.4634075366,0.4735408862,0.4684742114,5.869612679,0.1894163545,0.1853630146,0.1873896846,740649.6224,404939.9008,257313.0433,331126.472,25.14,0.16,1.38E+25,5.09E+24,1.00E+50,6.75E+49,50.00110675,0.2923207224
01 08 18.10,-72 36 25.0,O9.5 V:e,9.5,V,14.9645,0.01802775638,0.003,0.02805797569,Average,-0.28,0,32088.75162,1541.666128,-3.168666667,0.3463767911,0.283021128,0.02818427339,0.02778843835,0.02798635587,0.7751643442,0.0861665176,0.08374085873,0.08495368816,-4.785861873,0.08943852573,0.09355513114,0.09149682843,-7.953810825,0.3601437562,0.3552553412,0.3576995487,5.07752433,0.1421021365,0.1440575025,0.1430798195,119543.0501,46272.96217,33747.09109,40010.02663,23.58,0.16,3.80E+23,1.40E+23,2.89E+48,1.53E+48,48.46147324,0.2302987547
01 08 25.85,-72 23 27.3,O9.5: V:pe,9.5,V,13.97,0.01,-0.05,0.01,massey_only (differences small; weighted mean Massey-dominated),-0.28,0,32088.75162,1541.666128,-3.168666667,0.3463767911,0.2300450067,0.009840651621,0.009983783611,0.009912217616,0.6295126966,0.04105177386,0.03981407071,0.04043292229,-5.636521148,0.051441908,0.05327484901,0.0523583785,-8.810937511,0.348720358,0.3498613054,0.3492908317,5.420375004,0.1399445221,0.1394881432,0.1397163327,263254.0167,100091.2714,72318.43802,86204.85473,23.58,0.16,3.80E+23,1.40E+23,6.37E+48,3.35E+48,48.80432391,0.2282243092
01 08 27.97,-72 00 11.6,Oe,7,V,15.177,0.045,0.035,0.052,Other,-0.29,0,39448.14687,2732.402372,-3.666666667,0.3913145173,0.3265922218,0.05006137096,0.05343640056,0.05174888576,0.8922949258,0.1442813207,0.1502768095,0.1472790651,-4.693016994,0.1630264604,0.1574589096,0.160242685,-8.365324025,0.4222291668,0.4273495756,0.4247893712,5.24212961,0.1709398302,0.1688916667,0.1699157485,174634.3282,84228.35032,56265.33642,70246.84337,24.18,0.16,1.51E+24,5.58E+23,7.37E+48,4.46E+48,48.86738338,0.2625831282
01 08 31.87,-72 14 23.9,O9.5 III,9.5,III,15.268,0.01720465053,-0.203,0.02349468025,Average,-0.26,0,30634.32155,1322.743105,-3.0661,0.07856480504,0.05662044586,0.02395743298,0.02373209657,0.02384476477,0.15461997,0.06733474976,0.06459681099,0.06596578037,-3.865981785,0.07503289032,0.0741157388,0.07457431456,-6.930681484,0.1034492234,0.1102823031,0.1068657632,4.668272593,0.04411292123,0.04137968936,0.0427463053,46587.84198,4980.77862,4233.991013,4607.384817,23.41,0.14,2.57E+23,8.29E+22,9.18E+47,3.48E+47,47.96279972,0.1644796316
01 08 41.15,-72 25 46.3,O8 V,8,V,15.2045,0.01680029762,-0.218,0.01839836949,Average,-0.28,0,36504.38877,2256.107874,-3.467466667,0.3733394268,0.06207043886,0.01812432831,0.01784144589,0.0179828871,0.1700445611,0.05013556081,0.04964910669,0.04989233375,-3.943558493,0.06239236518,0.06006559973,0.06122898245,-7.403970659,0.3723811071,0.3699731539,0.3711771305,4.857588264,0.1479892616,0.1489524428,0.1484708522,72042.41544,29250.14123,20917.1202,25083.63072,23.94,0.16,8.71E+23,3.21E+23,2.39E+48,1.34E+48,48.37756813,0.2432501668
01 08 51.09,-71 49 51.7,O9.5 III,9.5,III,14.6605,0.01720465053,-0.208,0.02282542442,Average,-0.26,0,30634.32155,1322.743105,-3.0661,0.07856480504,0.05203504909,0.02321820672,0.0223903465,0.02280427661,0.1425181019,0.06453292584,0.06049486387,0.06251389485,-4.459297654,0.07257008026,0.07377815478,0.07317411752,-7.529332876,0.1085979395,0.1055276536,0.1070627965,4.90773315,0.04221106144,0.04343917579,0.04282511862,80859.89077,8253.755033,7696.474768,7975.1149,23.41,0.14,2.57E+23,8.29E+22,1.59E+48,6.03E+47,48.20226028,0.1645001318
01 08 56.02,-71 52 46.7,O6.5 V(n) + O9.5: V,6.5,V,14.5315,0.01802775638,-0.2245,0.1253036312,Average,-0.29,0,40920.02592,2970.549621,-3.766266667,0.4003020626,0.06572647911,0.1266178178,0.06572647911,0.09617214846,0.1813394479,0.3445907117,0.1813394479,0.2629650798,-4.625376482,0.1810824113,0.3480805675,0.2645814894,-8.436527915,0.4639729494,0.4972613848,0.4806171671,5.270611166,0.1989045539,0.1855891798,0.1922468668,186470.9558,108321.0622,64846.19793,86583.63009,24.3,0.16,2.00E+24,7.35E+23,8.96E+48,5.78E+48,48.95222776,0.2801111817
01 09 13.03,-73 11 38.0,O6.5,6.5,V,14.87,0,-0.24,0,Other,-0.29,0,40920.02592,2970.549621,-3.766266667,0.4003020626,0.05,0,0,0,0.1369624904,0.006613028582,0.006462433762,0.006537731172,-4.243872476,0.03323579283,0.03327885535,0.03325732409,-8.020407281,0.423339351,0.3842037821,0.4037715665,5.104162913,0.1536815128,0.1693357404,0.1615086266,127105.0812,53964.06009,41039.96252,47502.0113,24.3,0.16,2.00E+24,7.35E+23,6.11E+48,3.66E+48,48.7857795,0.2599777928
01 09 13.05,-73 11 38.3,O7,7,V,14.38,0,-0.22,0,Other,-0.29,0,39448.14687,2732.402372,-3.666666667,0.3913145173,0.07,0,0,0,0.1917474866,0.009258240015,0.009047407266,0.009152823641,-4.788777274,0.03391088164,0.03365844177,0.03378466171,-8.453622972,0.3894588367,0.4006127372,0.3950357869,5.277449189,0.1602450949,0.1557835347,0.1580143148,189430.188,84534.30741,57097.95098,70816.12919,24.18,0.16,1.51E+24,5.58E+23,7.99E+48,4.69E+48,48.90270296,0.2550432538
01 09 13.35,-73 11 38.4,O8.5,8.5,V,15.925,0,0.175,0,Other,-0.28,0,35032.50972,2017.960626,-3.367866667,0.3643518816,0.455,0,0,0,1.246358663,0.0601785601,0.05880814723,0.05949335366,-4.298474003,0.06595156061,0.06910139545,0.06752647803,-7.661697913,0.3671405363,0.3727551808,0.3699478585,4.960679165,0.1491020723,0.1468562145,0.1479791434,91343.81986,37416.26269,26207.53967,31811.90118,23.82,0.16,6.61E+23,2.43E+23,2.70E+48,1.49E+48,48.43215435,0.2398144998
01 09 13.74,-73 11 33.3,O7.5,7.5,V,15.51,0,0.23,0,Other,-0.28,0,37976.26782,2494.255123,-3.567066667,0.3823269721,0.51,0,0,0,1.397017402,0.06745289154,0.06591682437,0.06668485795,-4.864481942,0.07299886191,0.07514456686,0.07407171438,-8.435604416,0.3954650237,0.394824423,0.3951447233,5.270241766,0.1579297692,0.1581860095,0.1580578893,186312.4041,81710.2731,56876.20235,69293.23773,24.06,0.16,1.15E+24,4.23E+23,6.94E+48,4.03E+48,48.84155283,0.2521910822
01 09 17.52,-72 06 21.4,O9.5 III-V,9.5,IV,15.563,0.02018043607,-0.2375,0.02425901894,Average,-0.26,0,30634.32155,1322.743105,-3.0661,0.07856480504,0.02174154348,0.02472804794,0.02174154348,0.02323479571,0.0594522143,0.0682679291,0.0594522143,0.0638600717,-3.476329698,0.06273182817,0.07419134007,0.06846158412,-6.547005254,0.1041254665,0.1041176943,0.1041215804,4.514802102,0.04164707772,0.04165018662,0.04164863217,32719.15669,3293.004025,2992.099756,3142.55189,23.41,0.14,2.57E+23,8.29E+22,6.45E+47,2.44E+47,47.80932923,0.1641977806
01 09 21.89,-73 11 20.0,O9-B0 V,9.5,V,14.6065,0.01929378138,-0.1715,0.02413503677,Average,-0.28,0,32088.75162,1541.666128,-3.168666667,0.3463767911,0.1085611086,0.02313061634,0.02353783721,0.02333422678,0.2961824621,0.06667605245,0.06395669536,0.0653163739,-4.66758544,0.07343434493,0.07472131302,0.07407782897,-7.840910775,0.353128918,0.3511583444,0.3521436312,5.03236431,0.1404633378,0.1412515672,0.1408574525,107736.8593,41140.1541,29913.00333,35526.57871,23.58,0.16,3.80E+23,1.40E+23,2.61E+48,1.37E+48,48.41631322,0.2289246679
01 09 21.95,-73 15 41.9,O4 III(f) + B,4,III,15.026,0.0219317122,-0.1795,0.02349468025,Average,-0.29,0,46824.9911,1415.681507,-4.1617,0.2398923362,0.111014565,0.02266756745,0.0234914092,0.02307948833,0.3033670583,0.06426651725,0.06515523427,0.06471087576,-4.255319546,0.07840447083,0.0759763271,0.07719039897,-8.414039317,0.2440085604,0.2478279532,0.2459182568,5.261615727,0.09913118127,0.09760342416,0.09836730272,182648.3388,46832.75321,36762.78022,41797.76672,24.73,0.14,5.37E+24,1.73E+24,1.38E+49,5.68E+48,49.13906511,0.1789820415
01 09 25.43,-73 09 29.9,O8: V((f))z + O6: Vn,7,V,14.6015,0.02692582404,-0.234,0.03034798181,Average,-0.29,0,39448.14687,2732.402372,-3.666666667,0.3913145173,0.05615546244,0.02944905257,0.03001555924,0.02973230591,0.1532652809,0.08171177848,0.08167106294,0.08169142071,-4.530441948,0.09335248001,0.09137872005,0.09236560003,-8.185918744,0.386643563,0.4222447904,0.4044441767,5.170367498,0.1688979162,0.1546574252,0.1617776707,148036.0564,70370.37067,44352.45473,57361.4127,24.18,0.16,1.51E+24,5.58E+23,6.25E+48,3.70E+48,48.79562126,0.2573918266
01 09 26.78,-72 01 26.8,O9 V,9,V,15.4545,0.02051828453,-0.2335,0.0297195222,Average,-0.28,0,33560.63067,1779.813377,-3.268266667,0.3553643363,0.04571883994,0.02952313024,0.02838630249,0.02895471637,0.1246493353,0.08069493987,0.07784792566,0.07927143277,-3.64761697,0.08496198245,0.08859186178,0.08677692211,-6.917774336,0.3679242534,0.3647040745,0.366314164,4.663109734,0.1458816298,0.1471697014,0.1465256656,46037.28826,18378.35802,13232.28892,15805.32347,23.7,0.16,5.01E+23,1.85E+23,1.23E+48,6.66E+47,48.08914947,0.2357057961
01 09 48.24,-72 30 19.3,O9 V,9,V,14.651,0.01486606875,-0.207,0.01820027472,Average,-0.28,0,33560.63067,1779.813377,-3.268266667,0.3553643363,0.07319467674,0.01841267489,0.017771617,0.01809214595,0.1997078286,0.05186505736,0.04966803767,0.05076654751,-4.526796405,0.06302745583,0.06183457101,0.06243101342,-7.785138097,0.3571602374,0.3524665865,0.354813412,5.010055239,0.1409866346,0.142864095,0.1419253648,102342.3162,39250.7131,28689.19704,33969.95507,23.7,0.16,5.01E+23,1.85E+23,2.73E+48,1.46E+48,48.43609498,0.2328739161
01 10 26.06,-72 23 29.0,O9.5 III,9.5,III,13.976,0.02207374005,-0.259,0.04394598958,Average,-0.26,0,30634.32155,1322.743105,-3.0661,0.07856480504,0.0004901460818,0.04304423205,0.0004901460818,0.02176718907,0.001322106341,0.1179601291,0.001322106341,0.05964111774,-5.031929329,0.05339244682,0.0947568183,0.07407463256,-8.10813991,0.1037488819,0.1171632754,0.1104560787,5.139255964,0.04686531017,0.04149955276,0.04418243146,137802.1406,15702.41691,12558.28994,14130.35343,23.41,0.14,2.57E+23,8.29E+22,2.72E+48,1.03E+48,48.43378309,0.1648586966
01 10 45.03,-72 43 09.1,O8.5 III,8.5,III,13.568,0.0158113883,-0.101,0.02179449472,Average,-0.27,0,33578.07965,1339.640996,-3.2653,0.1078970834,0.1690138929,0.02166615836,0.02144856825,0.0215573633,0.4629314515,0.06313281574,0.06102071345,0.06207676459,-5.872431006,0.07237072195,0.07314470169,0.07275771182,-9.134738914,0.1328790004,0.132345041,0.1326120207,5.549895566,0.0529380164,0.05315160017,0.05304480828,354728.0787,45985.0601,40862.30065,43423.68037,23.65,0.14,4.47E+23,1.44E+23,8.41E+48,3.20E+48,48.92503234,0.1649763831
01 10 55.76,-72 42 56.2,O9.5 Iab,9.5,I,12.886,0.02,0.098,0.02828427125,Zaritsky,-0.24,0,28966.2319,918.6256374,-2.8098,0.07785208839,0.3377064663,0.02872732396,0.02820247208,0.02846489802,0.924998725,0.09074270718,0.08852884912,0.08963577815,-7.016892789,0.09609972833,0.09649622031,0.09629797432,-9.825913085,0.1209223475,0.1254785667,0.1232004571,5.826365234,0.05019142668,0.04836893902,0.04928018285,670448.2074,82138.70312,70662.24819,76400.47566,23.35,0.15,2.24E+23,7.73E+22,1.44E+49,5.54E+48,49.15815741,0.1672234952
01 11 03.34,-72 43 55.9,O9.5 V,9.5,V,15.0475,0.01761391495,-0.2405,0.01895389142,Average,-0.28,0,32088.75162,1541.666128,-3.168666667,0.3463767911,0.03946709873,0.01843764512,0.01889729259,0.01866746886,0.1079652851,0.05146527087,0.05187513182,0.05167020134,-4.037567787,0.06076848277,0.06258939061,0.06167893669,-7.198690826,0.3309394179,0.3578292615,0.3443843397,4.77547633,0.1431317046,0.1323757672,0.1377537359,59631.58336,23278.63045,15667.24283,19472.93664,23.58,0.16,3.80E+23,1.40E+23,1.44E+48,7.55E+47,48.15942524,0.2270281335
01 11 05.62,-72 13 41.8,O9 V,9,V,15.4705,0.01720465053,-0.2395,0.02315707235,Average,-0.28,0,33560.63067,1779.813377,-3.268266667,0.3553643363,0.04021503228,0.02300381508,0.02222730191,0.0226155585,0.1105245839,0.06338691193,0.06145443471,0.06242067332,-3.617513533,0.06982095008,0.07155255756,0.07068675382,-6.891548092,0.363311204,0.353512783,0.3584119935,4.652619237,0.1414051132,0.1453244816,0.1433647974,44938.56882,17294.94934,12780.14474,15037.54704,23.7,0.16,5.01E+23,1.85E+23,1.20E+48,6.45E+47,48.07865898,0.2337539663
01 11 09.44,-72 36 44.7,O9.5 III,9.5,III,15.07,0.01886796226,-0.1895,0.0253968502,Average,-0.26,0,30634.32155,1322.743105,-3.0661,0.07856480504,0.07001997717,0.02486620182,0.02487668706,0.02487144444,0.1915926418,0.07015858819,0.06682167634,0.06849013226,-4.099669554,0.07643369555,0.07933190233,0.07788279894,-7.164595545,0.1088059466,0.1121244595,0.1104652031,4.761838218,0.0448497838,0.04352237865,0.04418608122,57788.07375,6286.835835,5510.449892,5898.642864,23.41,0.14,2.57E+23,8.29E+22,1.14E+48,4.32E+47,48.05636534,0.1648596747
01 11 12.00,-72 22 10.4,O9.5 III,9.5,III,14.648,0.01486606875,-0.2195,0.03214420632,Average,-0.26,0,30634.32155,1322.743105,-3.0661,0.07856480504,0.03969125603,0.03399507012,0.03208821047,0.0330416403,0.1090621897,0.0920923618,0.0888402828,0.0904663223,-4.439112225,0.08752526911,0.09765155325,0.09258841118,-7.504281364,0.11844682,0.1248516412,0.1216492306,4.897712546,0.04994065649,0.047378728,0.04865969224,79015.54613,9629.241226,8166.530974,8897.8861,23.41,0.14,2.57E+23,8.29E+22,1.56E+48,5.95E+47,48.19223967,0.1661146238
01 11 12.74,-71 57 27.1,O9 Ie,9,I,14.2255,0.03090711892,-0.057,0.03333916616,Average,-0.25,0,30223.9214,977.7566263,-2.9198,0.08335757097,0.193058956,0.03216288255,0.03268403,0.03242345627,0.529259221,0.09226465222,0.09389309575,0.09307887399,-5.279211412,0.09956252147,0.1021000319,0.1008312767,-8.200826446,0.1326902094,0.1319403182,0.1323152638,5.176330578,0.05277612728,0.05307608376,0.05292610552,150082.6813,19392.73351,17265.42808,18329.08079,23.47,0.15,2.95E+23,1.02E+23,3.58E+48,1.39E+48,48.55428753,0.168699251
01 11 19.97,-72 21 58.9,O8 III,8,III,15.1,0.019,-0.322,0.019,weighted (V 1.53σ; BV 1.53σ),-0.27,0,35049.9587,1348.089942,-3.3649,0.1225632226,0,0,0,0,0,0,0,0,-3.877900844,0.03856255192,0.03650159227,0.0375320721,-7.244667637,0.1266494872,0.12948175,0.1280656186,4.793867055,0.05179269999,0.0506597949,0.05122624744,62210.98175,7879.614621,6849.556647,7364.585634,23.77,0.14,5.89E+23,1.90E+23,1.64E+48,6.16E+47,48.21447721,0.1633658696
01 11 24.14,-71 58 40.4,O9 Ie,9,I,14.1855,0.01772004515,-0.06,0.02354251473,Average,-0.25,0,30223.9214,977.7566263,-2.9198,0.08335757097,0.1899004249,0.02337149284,0.02424165888,0.02380657586,0.519836469,0.06846034611,0.06857016562,0.06851525587,-5.310990511,0.07790655231,0.08048137993,0.07919396612,-8.232607093,0.115717319,0.1170463807,0.1163818499,5.189042837,0.04681855229,0.0462869276,0.04655273995,154540.6866,17591.2242,15623.5222,16607.3732,23.47,0.15,2.95E+23,1.02E+23,3.69E+48,1.42E+48,48.56699978,0.1668095388
01 11 25.57,-72 09 48.8,O8 V + O8 V,8,V,14.591,0.01486606875,-0.22,0.03619392214,Average,-0.28,0,36504.38877,2256.107874,-3.467466667,0.3733394268,0.06024442251,0.03547749897,0.03504280285,0.03526015091,0.1653467476,0.09712045531,0.09573538586,0.09642792058,-4.553747928,0.1034709079,0.1016129863,0.1025419471,-8.039450865,0.3987439407,0.3684242132,0.3835840769,5.111780346,0.1473696853,0.1594975763,0.1534336308,129354.1441,52260.15179,39759.35117,46009.75148,23.94,0.16,8.71E+23,3.21E+23,4.28E+48,2.43E+48,48.63176021,0.2463106347
01 11 25.96,-73 17 27.8,O9.5 III-V,9.5,IV,14.5435,0.03784507894,-0.033,0.04035157989,Average,-0.26,0,30634.32155,1322.743105,-3.0661,0.07856480504,0.2280633543,0.04012869054,0.04188757507,0.04100813281,0.6229665768,0.1168852328,0.1158953451,0.116390289,-5.057355416,0.1263831478,0.1241057362,0.125244442,-8.123077582,0.1441397636,0.1481174018,0.1461285827,5.145231033,0.05924696072,0.05765590545,0.05845143309,139711.1388,20420.812,17369.26448,18895.03824,23.41,0.14,2.57E+23,8.29E+22,2.75E+48,1.07E+48,48.43975816,0.1692420533
01 11 43.49,-73 13 53.5,O8-9: I-IIIe,8.5,II,13.478,0.007071067812,-0.031,0.008660254038,Average,-0.25,0,31481.6109,1036.887615,-3.0298,0.08886305356,0.219163169,0.00860776879,0.008411088144,0.008509428467,0.6003030022,0.03763023835,0.03695472966,0.037292484,-6.099667574,0.04882782928,0.05016216147,0.04949499537,-9.129450333,0.1015212761,0.1018063761,0.1016638261,5.547780133,0.04072255043,0.04060851043,0.04066553043,353004.4123,34701.73203,31511.33735,33106.53469,23.59,0.15,3.89E+23,1.34E+23,9.44E+48,3.60E+48,48.97491254,0.1656121354
01 12 02.53,-72 08 49.6,O9.5 V,9.5,V,14.921,0.01680029762,-0.224,0.02035927307,Average,-0.28,0,32088.75162,1541.666128,-3.168666667,0.3463767911,0.05594316629,0.01999852923,0.02012104027,0.02005978475,0.1530273469,0.0560355038,0.05514623246,0.05559086813,-4.208416587,0.06518804975,0.06851347127,0.06685076051,-7.391187947,0.3597349017,0.3444779006,0.3521064011,4.852475179,0.1377911602,0.1438939607,0.1408425605,71199.21075,26584.46062,20080.34372,23332.40217,23.58,0.16,3.80E+23,1.40E+23,1.72E+48,9.08E+47,48.23642408,0.2289155052
01 12 05.88,-72 40 56.6,O9.7 V,9.7,V,15.1235,0.01886796226,-0.225,0.07685213074,Average,-0.27,0,31500,1446.407228,-3.128826667,0.342781773,0.04505878921,0.07561442816,0.04505878921,0.06033660868,0.1237171066,0.2083968409,0.1237171066,0.1660569738,-3.972349826,0.1209133947,0.2155048635,0.1682091291,-7.132651438,0.3798646975,0.3794532155,0.3796589565,4.749060575,0.1517812862,0.151945879,0.1518635826,56112.62363,23474.32642,16565.51868,20019.92255,23.532,0.16,3.40E+23,1.25E+23,1.31E+48,7.07E+47,48.11717855,0.2345748355
01 12 29.01,-72 29 29.1,O9 Iab(f),9,I,13.148,0.007071067812,-0.161,0.008660254038,Average,-0.25,0,30223.9214,977.7566263,-2.9198,0.08335757097,0.08908608011,0.008478841666,0.008793200749,0.008636021207,0.2436638635,0.02646570161,0.02556508952,0.02601539557,-6.072141403,0.04036994019,0.04354923587,0.04195958803,-8.992901662,0.09350272898,0.09153074913,0.09251673906,5.493160665,0.03661229965,0.03740109159,0.03700669562,311286.7712,27380.29413,25685.87001,26533.08207,23.47,0.15,2.95E+23,1.02E+23,7.43E+48,2.81E+48,48.87111761,0.164401217
01 12 53.87,-73 30 26.2,Oe,7,V,14.735,0.08260750571,-0.0335,0.08362415919,Average,-0.29,0,39448.14687,2732.402372,-3.666666667,0.3913145173,0.2559405844,0.08387431538,0.08145802096,0.08266616817,0.6995797238,0.2317144095,0.2254678159,0.2285911127,-4.944093997,0.2437314558,0.2525928809,0.2481621683,-8.620738728,0.4766112099,0.4575499725,0.4670805912,5.344295491,0.183019989,0.190644484,0.1868322365,220950.7578,115805.3513,78504.50909,97154.93021,24.18,0.16,1.51E+24,5.58E+23,9.32E+48,5.88E+48,48.96954926,0.2738335667
01 13 00.40,-73 17 04.1,O9.7 II-Ib(n),9.7,I,13.631,0.0941328848,-0.035,0.09613142046,Average,-0.24,0,28463.1561,894.9732419,-2.7658,0.07564989535,0.2051646797,0.09469130794,0.09755097114,0.09612113954,0.5609854281,0.2598100512,0.2670385793,0.2634243153,-5.911841868,0.2909210857,0.2772906303,0.284105858,-8.672497101,0.2911506443,0.2936761793,0.2924134118,5.36499884,0.1174704717,0.1164602577,0.1169653647,231738.8464,71978.30114,54508.29622,63243.29868,23.302,0.15,2.00E+23,6.92E+22,4.78E+48,2.18E+48,48.67922681,0.1979002533
01 13 42.45,-73 17 29.5,O4 IV-II((f))p + O9.5:,4,III,13.5535,0.06269968102,-0.068,0.07085372256,Average,-0.29,0,46824.9911,1415.681507,-4.1617,0.2398923362,0.2219667008,0.06988626372,0.06772893606,0.06880759989,0.6071621737,0.1967783217,0.1901008883,0.193439605,-6.031722107,0.2058082481,0.2108483733,0.2083283107,-10.19234645,0.327653241,0.3170809324,0.3223670867,5.972938581,0.1268323729,0.1310612964,0.1289468347,939590.4233,318671.2305,244762.4636,281716.8471,24.73,0.14,5.37E+24,1.73E+24,7.09E+49,3.22E+49,49.85038796,0.1974480466
01 13 47.99,-73 18 09.7,O7-8 V,7.5,V,14.981,0.068,-0.151,0.07647875522,Zaritsky,-0.28,0,37976.26782,2494.255123,-3.567066667,0.3823269721,0.1262984871,0.07862031433,0.07524099956,0.07693065695,0.3458230098,0.2154774815,0.2057559107,0.2106166961,-4.346734108,0.2249629223,0.2290778111,0.2270203667,-7.901352772,0.4227141857,0.4414289042,0.432071545,5.056541109,0.1765715617,0.1690856743,0.172828618,113904.5595,57141.34153,36733.32093,46937.33123,24.06,0.16,1.15E+24,4.23E+23,4.24E+48,2.56E+48,48.62785218,0.2617016943
01 13 48.89,-73 18 05.2,O7.5 V: + O9.5,7.5,V,14.37,0.116,-0.095,0.1375936045,Zaritsky,-0.28,0,37976.26782,2494.255123,-3.567066667,0.3823269721,0.1812145425,0.1373061683,0.1403221768,0.1388141726,0.5001391911,0.3753465874,0.3874382105,0.3813923989,-5.103755289,0.3830920446,0.387735603,0.3854138238,-8.684000579,0.5256701828,0.5504872537,0.5380787183,5.369600232,0.2201949015,0.2102680731,0.2152314873,234207.1947,154654.4724,89885.32073,122269.8966,24.06,0.16,1.15E+24,4.23E+23,8.73E+48,5.86E+48,48.9409113,0.2914492043
01 13 51.79,-73 17 57.4,O9.5 V(n),9.5,V,14.717,0.039,-0.042,0.05240229003,Zaritsky,-0.28,0,32088.75162,1541.666128,-3.168666667,0.3463767911,0.2387844515,0.05218555087,0.05071172185,0.05144863636,0.6521093915,0.1503527891,0.1391343599,0.1447435745,-4.913805071,0.1500976206,0.1568681452,0.1534828829,-8.092560756,0.3744183644,0.3679072716,0.371162818,5.133024302,0.1471629086,0.1497673458,0.1484651272,135838.946,54789.28316,39620.8055,47205.04433,23.58,0.16,3.80E+23,1.40E+23,3.29E+48,1.77E+48,48.51697321,0.2336826388
01 14 01.66,-73 17 07.1,O9.7 V,9.7,V,14.4,0.01,-0.05,0.02,massey_only (V 9.7σ; BV 4.5σ strong disagreement),-0.27,0,31500,1446.407228,-3.128826667,0.342781773,0.220080502,0.01921003983,0.02087842169,0.02004423076,0.6005754793,0.06281986518,0.06069207255,0.06175596887,-5.178755994,0.07081782258,0.07128965226,0.07105373742,-8.308140164,0.3493674008,0.3547610782,0.3520642395,5.219256065,0.1419044313,0.1397469603,0.1408256958,165674.6525,64025.08506,45584.02745,54804.55626,23.532,0.16,3.40E+23,1.25E+23,3.87E+48,2.03E+48,48.58737404,0.227584451
01 14 17.29,-73 15 49.6,O9 V,9,V,14.39,0.01,0.26,0.01,massey_only (V 8.6σ; BV 3.5σ strong disagreement),-0.28,0,33560.63067,1779.813377,-3.268266667,0.3553643363,0.5397122432,0.009954884147,0.009607877779,0.009781380963,1.4784498,0.07616108976,0.07403813503,0.0750996124,-6.066736848,0.08226655492,0.08040818699,0.08133737096,-9.342903999,0.368571334,0.3476701086,0.3581207213,5.633161599,0.1390680434,0.1474285336,0.1432482885,429696.2864,162178.2632,123688.0851,142933.1741,23.7,0.16,5.01E+23,1.85E+23,1.15E+49,6.17E+48,49.05920134,0.2336825277
01 14 21.28,-73 14 50.3,O9.2 V,9.2,V,15.5755,0.04981214711,-0.0785,0.05247380299,Average,-0.28,0,32971.87905,1684.554477,-3.228426667,0.3517693182,0.2012027607,0.0507544854,0.05127168853,0.05101308697,0.549918817,0.1442384234,0.1402692672,0.1422538453,-3.951173499,0.1551503715,0.1584079013,0.1567791364,-7.181544172,0.3728081763,0.3772015936,0.3750048849,4.768617669,0.1508806374,0.1491232705,0.150001954,58697.23844,24383.11104,17058.80312,20720.95708,23.652,0.16,4.49E+23,1.65E+23,1.50E+48,8.20E+47,48.17740307,0.2365962307
01 14 22.58,-73 13 23.3,O9.2 V,9.2,V,14.6525,0.08215229759,-0.0665,0.1098999545,Average,-0.28,0,32971.87905,1684.554477,-3.228426667,0.3517693182,0.2107937089,0.1072950752,0.1090186174,0.1081568463,0.5789731978,0.2963327143,0.3033933829,0.2998630486,-4.906529798,0.3217107003,0.3111017296,0.316406215,-8.134629194,0.4767309582,0.4698962858,0.473313622,5.149851678,0.1879585143,0.1906923833,0.1893254488,141205.526,76470.29606,50180.81798,63325.55702,23.652,0.16,4.49E+23,1.65E+23,3.62E+48,2.19E+48,48.55863708,0.2632894144
01 14 40.14,-73 16 14.5,O7-8 V,7.5,V,14.9625,0.01486606875,0.0045,0.02076655966,Average,-0.28,0,37976.26782,2494.255123,-3.567066667,0.3823269721,0.2842377254,0.02075772036,0.02065647373,0.02070709704,0.777043067,0.06986709652,0.06487126706,0.06736918179,-4.791431247,0.07355379186,0.07981495931,0.07668437558,-8.372584268,0.3960514684,0.3887267052,0.3923890868,5.245033707,0.1554906821,0.1584205874,0.1569556347,175806.0061,75686.11846,53734.83246,64710.47546,24.06,0.16,1.15E+24,4.23E+23,6.55E+48,3.79E+48,48.81634477,0.2515017234
01 14 41.35,-73 18 01.7,O8.5 V:,8.5,V,14.8855,0.01920937271,-0.1595,0.02406761309,Average,-0.28,0,35032.50972,2017.960626,-3.367866667,0.3643518816,0.1209368298,0.02366420679,0.02364564386,0.02365492532,0.3309485778,0.06559604803,0.06616747356,0.06588176079,-4.422111044,0.07630843217,0.07765874029,0.07698358623,-7.794168547,0.3712703361,0.3770550428,0.3741626894,5.013667419,0.1508220171,0.1485081344,0.1496650758,103197.0824,42848.8427,29887.7466,36368.29465,23.82,0.16,6.61E+23,2.43E+23,3.06E+48,1.69E+48,48.48514261,0.2408584696
01 14 42.43,-73 18 34.2,O9 V:(n),9,V,15.444,0.054,-0.016,0.0654599114,Zaritsky,-0.28,0,33560.63067,1779.813377,-3.268266667,0.3553643363,0.2630874881,0.06362147263,0.06405546724,0.06383846993,0.7238713582,0.1760580119,0.1812232622,0.178640637,-4.254734534,0.1908947759,0.1893866218,0.1901406988,-7.525311268,0.4013035107,0.4098521125,0.4055778116,4.906124507,0.163940845,0.1605214043,0.1622311246,80560.93798,36946.49864,24893.26014,30919.87939,23.7,0.16,5.01E+23,1.85E+23,2.15E+48,1.22E+48,48.33216425,0.2457771133
01 14 43.88,-73 18 23.6,O4.5 V:,4.5,V,14.1,0.01,-0.08,0.01,massey_only (BV 23.6σ extreme; Zaritsky colour unphysical),-0.3,0,46807.54212,3923.138616,-4.164666667,0.4362522436,0.2201189033,0.0100320909,0.01005665729,0.01004437409,0.6026838218,0.04148627126,0.03984032195,0.04066329661,-5.479943263,0.05227242278,0.05378193569,0.05302717923,-9.634952035,0.423049422,0.4554232953,0.4392363587,5.749980814,0.1821693181,0.1692197688,0.1756945435,562316.4832,293045.8873,181460.2635,237253.0754,24.78,0.16,6.03E+24,2.22E+24,4.77E+49,3.06E+49,49.67807766,0.2786898012
01 14 50.26,-73 20 17.9,O9 Iab((f)),9,I,12.42,0,-0.16,0,Average,-0.25,0,30223.9214,977.7566263,-2.9198,0.08335757097,0.09,0,0,0,0.2465324828,0.01190345145,0.01163238077,0.01176791611,-6.803697422,0.03496740002,0.03428593351,0.03462666676,-9.722207268,0.08808276157,0.09278993014,0.09043634585,5.784882907,0.03711597206,0.03523310463,0.03617453834,609372.5786,54368.77907,47484.51966,50926.64936,23.47,0.15,2.95E+23,1.02E+23,1.45E+49,5.50E+48,49.16283985,0.1642159002
01 14 55.02,-72 21 38.1,Ope pec,7,V,14.415,0.08906317982,-0.0535,0.08967998662,Average,-0.29,0,39448.14687,2732.402372,-3.666666667,0.3913145173,0.23639559,0.08841487928,0.08939389676,0.08890438802,0.642708574,0.2490798259,0.24089501,0.2449874179,-5.208177219,0.260242317,0.272313141,0.266277729,-8.890585122,0.4759661018,0.4595013674,0.4677337346,5.452234049,0.1838005469,0.1903864407,0.1870934938,283291.8372,149256.4526,100545.9492,124901.2009,24.18,0.16,1.51E+24,5.58E+23,1.20E+49,7.54E+48,49.07748782,0.2740118849
01 15 10.84,-72 56 10.2,O9 IIIe,9,III,14.39,0.01,-0.07,0.01,massey_only (V 42.8σ; BV 12.5σ extreme; Zaritsky unphysical),-0.26,0,32106.2006,1331.192051,-3.1657,0.09323094424,0.190076993,0.009630164883,0.01002629186,0.009828228372,0.5201305968,0.03716754246,0.03645038266,0.03680896256,-5.108453455,0.05124800731,0.04931733593,0.05028267162,-8.273904954,0.1077346256,0.1069009033,0.1073177645,5.205561981,0.04276036132,0.04309385025,0.04292710579,160532.1366,16610.18936,15164.36528,15887.27732,23.53,0.14,3.39E+23,1.09E+23,3.46E+48,1.30E+48,48.53856651,0.1631889816
01 15 29.97,-73 20 16.0,O8 V,8,V,14.6165,0.01486606875,-0.2475,0.03438022688,Average,-0.28,0,36504.38877,2256.107874,-3.467466667,0.3733394268,0.03331482241,0.03497622946,0.03331482241,0.03414552593,0.09089885079,0.09633153901,0.09089885079,0.0936151949,-4.451106823,0.08129677269,0.1015869863,0.09144187951,-7.934504116,0.3880817709,0.3745514918,0.3813166313,5.069801646,0.1498205967,0.1552327084,0.1525266525,117436.1072,48378.29257,35293.41393,41835.85325,23.94,0.16,8.71E+23,3.21E+23,3.89E+48,2.20E+48,48.58978151,0.2457466773
01 15 33.70,-73 16 13.2,O9.7 IV,9.7,IV,15.549,0.01952562419,-0.239,0.02867490192,Average,-0.26,0,30045.56993,1319.363527,-3.02626,0.07269834936,0.02040589932,0.02863787257,0.02040589932,0.02452188594,0.05584315249,0.07780622266,0.05584315249,0.06682468757,-3.487071737,0.06399967095,0.08235820149,0.07317893622,-6.517655756,0.09955786977,0.1061116883,0.102834779,4.503062302,0.04244467533,0.03982314791,0.04113391162,31846.54353,3269.613258,2790.320861,3029.967059,23.362,0.14,2.30E+23,7.42E+22,6.07E+47,2.30E+47,47.78330071,0.1646545169
01 15 39.20,-73 23 49.5,O9.7 III,9.7,III,13.9265,0.04776243294,-0.1545,0.05021453973,Average,-0.26,0,30045.56993,1319.363527,-3.02626,0.07269834936,0.1067692063,0.0504898775,0.050111751,0.05030081425,0.2916125589,0.1408031352,0.1369061846,0.1388546599,-5.342550427,0.1484230554,0.1497194866,0.149071271,-8.365254925,0.1660393649,0.1674913267,0.1667653458,5.24210197,0.0669965307,0.06641574597,0.06670613833,174623.2112,29127.20427,24763.03887,26945.12157,23.362,0.14,2.30E+23,7.42E+22,3.33E+48,1.32E+48,48.52234038,0.1728259823
01 15 52.19,-73 20 48.2,O9.5,9.5,V,12.07,0,-0.19,0,Massey,-0.28,0,32088.75162,1541.666128,-3.168666667,0.3463767911,0.09,0,0,0,0.2465324828,0.01190345145,0.01163238077,0.01176791611,-7.153697422,0.03496740002,0.03428593351,0.03462666676,-10.31642479,0.336262829,0.3457060304,0.3409844297,6.022569917,0.1382824121,0.1345051316,0.1363937719,1053343.253,394936.0684,280547.3886,337741.7285,23.58,0.16,3.80E+23,1.40E+23,2.55E+49,1.33E+49,49.40651882,0.2262055319
01 16 00.03,-73 25 54.4,O9.5 V,9.5,V,15.349,0.0177552809,-0.1745,0.02200568108,Average,-0.28,0,32088.75162,1541.666128,-3.168666667,0.3463767911,0.1066269769,0.02130564825,0.02326970574,0.022287677,0.2904242938,0.06152590412,0.06349240958,0.06250915685,-3.917765364,0.07080449464,0.07207410543,0.07143930004,-7.090897073,0.3644358323,0.3457568463,0.3550963393,4.732358829,0.1383027385,0.1457743329,0.1420385357,53995.65716,20248.3781,15395.90673,17822.14242,23.58,0.16,3.80E+23,1.40E+23,1.31E+48,6.91E+47,48.11630773,0.2296532762
01 16 00.43,-72 43 27.2,O7-9 V,8,V,15.3865,0.1905911855,0.0385,0.1907386956,Average,-0.28,0,36504.38877,2256.107874,-3.467466667,0.3733394268,0.3217549928,0.1829631333,0.1937745566,0.188368845,0.8828562212,0.5069075492,0.5261677625,0.5165376559,-4.474511392,0.5624661397,0.5354059388,0.5489360392,-7.947764841,0.6480392767,0.6573231994,0.652681238,5.075105936,0.2629292797,0.2592157107,0.2610724952,118879.2177,98909.41892,53432.1428,76170.78086,23.94,0.16,8.71E+23,3.21E+23,3.94E+48,2.94E+48,48.5950858,0.3244778844
01 16 01.01,-73 20 05.8,O9.5 V,9.5,V,15.343,0.01562049935,-0.229,0.0805294977,Average,-0.28,0,32088.75162,1541.666128,-3.168666667,0.3463767911,0.0502643828,0.08015906868,0.0502643828,0.06521172574,0.1370978499,0.2221615255,0.1370978499,0.1796296877,-3.770924951,0.1343854681,0.2255582339,0.179971851,-6.984026898,0.3968860329,0.3926552344,0.3947706336,4.689610759,0.1570620937,0.1587544131,0.1579082534,48934.00467,21320.28616,14982.70951,18151.49783,23.58,0.16,3.80E+23,1.40E+23,1.18E+48,6.54E+47,48.07355966,0.2397930319
01 16 08.61,-73 10 43.5,O9.7 I:(n),9.7,I,13.739,0.07067708257,-0.1475,0.1026912849,Average,-0.24,0,28463.1561,894.9732419,-2.7658,0.07564989535,0.0935013995,0.1019784941,0.0935013995,0.09773994682,0.2554709672,0.2824932654,0.2554709672,0.2689821163,-5.494684089,0.2351939134,0.2860628461,0.2606283797,-8.261282825,0.2454548638,0.2854286969,0.2654417803,5.20051313,0.1141714788,0.09818194551,0.1061767121,158676.6894,47711.38954,32106.5713,39908.98042,23.302,0.15,2.00E+23,6.92E+22,3.27E+48,1.44E+48,48.5147411,0.1917214331
01 16 09.21,-73 20 49.0,O9-B0 III-Ve,9.5,IV,15.0855,0.0306757233,-0.0555,0.03393007515,Average,-0.26,0,30634.32155,1322.743105,-3.0661,0.07856480504,0.2045680392,0.03406599853,0.03357982061,0.03382290957,0.5599249701,0.09501360909,0.09555740218,0.09528550563,-4.45330873,0.1067393446,0.103358774,0.1050490593,-7.516430589,0.126861928,0.1316170025,0.1292394653,4.902572236,0.05264680099,0.05074477122,0.0516957861,79904.68349,10297.91253,8811.581444,9554.746985,23.41,0.14,2.57E+23,8.29E+22,1.57E+48,6.05E+47,48.19709936,0.1670292097
01 16 24.45,-73 15 07.3,O9.5 IV:,9.5,IV,14.69,0.01,-0.12,0.01,massey_only (V 6.40σ strong disagreement; BV 1.39σ),-0.26,0,30634.32155,1322.743105,-3.0661,0.07856480504,0.1402077617,0.009776107286,0.009940991323,0.009858549304,0.3830705569,0.03372884416,0.03159553462,0.03266218939,-4.671165178,0.04666274005,0.04796634131,0.04731454068,-7.740815749,0.09062377445,0.09006255852,0.09034316649,4.9923263,0.03602502341,0.03624950978,0.03613726659,98248.58406,8497.345405,7867.657372,8182.501389,23.41,0.14,2.57E+23,8.29E+22,1.94E+48,7.26E+47,48.28685343,0.1628870916
01 16 33.12,-73 20 07.9,O8.5 V,8.5,V,13.84,0.01,-0.18,0.01,massey_only (Zaritsky errors very large; weighted mean Massey-dominated),-0.28,0,35032.50972,2017.960626,-3.367866667,0.3643518816,0.1003237154,0.009589807892,0.01022079645,0.00990530217,0.2741469086,0.03068022835,0.03063884531,0.03065953683,-5.412074014,0.04662110775,0.04411911674,0.04537011225,-8.778061676,0.3528327534,0.3655707263,0.3592017398,5.40722467,0.1462282905,0.1411331014,0.1436806959,255402.2219,102243.4395,70861.77464,86552.60704,23.82,0.16,6.61E+23,2.43E+23,7.56E+48,4.13E+48,48.87869986,0.2371862345
01 16 43.18,-73 21 13.6,O8.5 V:,8.5,V,14.954,0.02844292531,-0.1905,0.03192569498,Average,-0.28,0,35032.50972,2017.960626,-3.367866667,0.3643518816,0.0886646617,0.03183254703,0.03108538276,0.03145896489,0.2424594778,0.08664586239,0.08662711502,0.0866364887,-4.265609514,0.09781500606,0.09995210425,0.09888355515,-7.636406454,0.3691277412,0.3788919518,0.3740098465,4.950562582,0.1515567807,0.1476510965,0.1496039386,89240.6206,37267.77921,25720.47495,31494.12708,23.82,0.16,6.61E+23,2.43E+23,2.64E+48,1.47E+48,48.42203777,0.2408204848
01 16 57.61,-73 19 26.7,O6 V:n,6,V,14.013,0.04229657197,-0.243,0.04504719747,Average,-0.3,0,42391.90497,3208.69687,-3.865866667,0.4092896079,0.05766375937,0.04472764474,0.043768408,0.04424802637,0.1574814372,0.1238214324,0.1195318518,0.1216766421,-5.122869946,0.1247000335,0.1354818645,0.130090949,-8.989542369,0.4253667714,0.4449849968,0.4351758841,5.491816948,0.1779939987,0.1701467086,0.1740703536,310325.1469,157206.4282,100590.4709,128898.4495,24.42,0.16,2.63E+24,9.69E+23,1.71E+49,1.06E+49,49.23204541,0.2705363116
01 16 59.32,-73 09 56.7,O9.7 V,9.7,V,14.532,0.01772004515,-0.1715,0.1515395988,Average,-0.27,0,31500,1446.407228,-3.128826667,0.342781773,0.09896091626,0.1435990946,0.09896091626,0.1212800054,0.2722257379,0.3959307155,0.2722257379,0.3340782267,-4.716761405,0.2652868723,0.3943502589,0.3298185656,-7.876083894,0.4415734129,0.5064222443,0.4739978286,5.046433558,0.2025688977,0.1766293652,0.1895991314,111284.2132,66135.74148,37186.60446,51661.17297,23.532,0.16,3.40E+23,1.25E+23,2.60E+48,1.56E+48,48.41455154,0.2605966929
01 17 01.00,-73 12 12.4,O8.5 V:,8.5,V,15.4965,0.01600781059,-0.2175,0.02159861107,Average,-0.28,0,35032.50972,2017.960626,-3.367866667,0.3643518816,0.06197421057,0.02182329677,0.02162606081,0.02172467879,0.1693229494,0.06078657196,0.05868778757,0.05973717976,-3.650413662,0.06987316161,0.07018276336,0.07002796248,-7.019223129,0.3713705629,0.3733534061,0.3723619845,4.703689252,0.1493413624,0.1485482252,0.1489447938,50546.28614,20744.04407,14642.43541,17693.23974,23.82,0.16,6.61E+23,2.43E+23,1.50E+48,8.29E+47,48.17516444,0.2404115618
01 17 05.15,-73 26 36.0,O9.7 Ia+,9.7,I,13.151,0.05074692109,-0.1465,0.07373940602,Average,-0.24,0,28463.1561,894.9732419,-2.7658,0.07564989535,0.09584813837,0.07197889264,0.07633388589,0.07415638926,0.2622509701,0.1995681624,0.2086450117,0.2041065871,-6.085807324,0.204693012,0.2120838348,0.2083884234,-8.847566234,0.2040016438,0.2339013391,0.2189514914,5.435026493,0.09356053563,0.0816006575,0.08758059656,272286.7416,65456.78137,46641.67852,56049.22994,23.302,0.15,2.00E+23,6.92E+22,5.61E+48,2.35E+48,48.74925447,0.1820823293
01 17 18.49,-73 17 52.6,Onnpe,7,V,14.08,0.01,0.03,0.01,massey_only (Zaritsky errors large; weighted mean Massey-dominated),-0.29,0,39448.14687,2732.402372,-3.666666667,0.3913145173,0.3201724646,0.009801723483,0.009802397271,0.009802060377,0.8762624081,0.05213346751,0.04805765168,0.0500955596,-5.773980117,0.05914425329,0.061684807,0.06041453014,-9.433569713,0.3819402304,0.3945170676,0.388228649,5.669427885,0.157806827,0.1527760922,0.1552914596,467119.3832,204672.4382,138531.3115,171601.8748,24.18,0.16,1.51E+24,5.58E+23,1.97E+49,1.15E+49,49.29468165,0.2533652997
01 18 53.97,-73 09 38.3,O8.5 IIIe,8.5,III,14.35,0.01,-0.08,0.01,massey_only (Zaritsky BV error very large; weighted mean Massey-dominated),-0.27,0,33578.07965,1339.640996,-3.2653,0.1078970834,0.1898900553,0.01018145893,0.009784777204,0.009983118067,0.5197065148,0.03915934814,0.03578265733,0.03747100274,-5.148090307,0.05149106116,0.04960609099,0.05054857608,-8.414549195,0.1154101966,0.1170451533,0.116227675,5.261819678,0.04681806133,0.04616407864,0.04649106998,182734.1334,20800.22831,18427.31001,19613.76916,23.65,0.14,4.47E+23,1.44E+23,4.33E+48,1.63E+48,48.63695645,0.1629873458
01 19 39.80,-73 14 49.9,O8.5 V,8.5,V,14.648,0.01676305461,-0.222,0.03656842901,Average,-0.28,0,35032.50972,2017.960626,-3.367866667,0.3643518816,0.05857790858,0.03605509861,0.03623445638,0.0361447775,0.1605959368,0.09751801418,0.0996356886,0.09857685139,-4.487313661,0.10317773,0.1057199136,0.1044488218,-7.86356306,0.3664642208,0.3727791138,0.3696216673,5.041425224,0.1491116455,0.1465856883,0.1478486669,110008.2423,45065.00088,31513.68464,38289.34276,23.82,0.16,6.61E+23,2.43E+23,3.26E+48,1.80E+48,48.51290041,0.2397340104
01 21 28.62,-72 46 07.0,O9.5 III-V,9.5,IV,15.45,0.03,-0.2,0.03,Massey,-0.26,0,30634.32155,1322.743105,-3.0661,0.07856480504,0.06001939165,0.03017164751,0.03009216865,0.03013190808,0.1637822228,0.08255851713,0.08192442397,0.08224147055,-3.69028878,0.09367461959,0.09403818778,0.09385640369,-6.75713435,0.1179045826,0.1229312969,0.1204179398,4.59885374,0.04917251877,0.04716183304,0.0481671759,39705.78074,4760.034572,4085.945388,4422.98998,23.41,0.14,2.57E+23,8.29E+22,7.82E+47,2.99E+47,47.89338087,0.1659710198
01 23 21.10,-73 49 51.7,O8 V,8,V,14.46,0.01,-0.22,0.01,Massey,-0.28,0,36504.38877,2256.107874,-3.467466667,0.3733394268,0.05975838832,0.009821951261,0.009761124328,0.009791537794,0.1638113094,0.02844409833,0.02865374713,0.02854892273,-4.681456643,0.04515461716,0.04362592131,0.04439026923,-8.133504768,0.3637712925,0.3921537813,0.3779625369,5.149401907,0.1568615125,0.145508517,0.1511850148,141059.3594,61365.30226,40158.83511,50762.06868,23.94,0.16,8.71E+23,3.21E+23,4.67E+48,2.63E+48,48.66938178,0.2449162273
01 23 25.16,-73 22 01.1,O9 V:,9,V,14.43,0.01,-0.19,0.01,Massey,-0.28,0,33560.63067,1779.813377,-3.268266667,0.3553643363,0.08987348355,0.00979137539,0.009473401211,0.009632388301,0.2459017148,0.030275077,0.02859051999,0.0294327985,-4.793995972,0.04500679169,0.04458225645,0.04479452407,-8.081931151,0.3794045604,0.3392802136,0.359342387,5.128772461,0.1357120854,0.1517618242,0.1437369548,134515.5404,49343.31238,39671.37104,44507.34171,23.7,0.16,5.01E+23,1.85E+23,3.59E+48,1.93E+48,48.5548122,0.2339824006
01 24 07.06,-73 15 28.3,O9.5 III,9.5,III,14.31,0.01,-0.2,0.01,Massey,-0.26,0,30634.32155,1322.743105,-3.0661,0.07856480504,0.06004466165,0.01012401822,0.01049729898,0.0103106586,0.1638144685,0.02909525992,0.02847667524,0.02878596758,-4.83048427,0.04287440652,0.04527198517,0.04407319585,-7.898099855,0.09136933453,0.08890209321,0.09013571387,5.055239942,0.03556083728,0.03654773381,0.03605428555,113563.8068,9690.124179,9165.799735,9427.961957,23.41,0.14,2.57E+23,8.29E+22,2.24E+48,8.39E+47,48.34976707,0.162868702
01 24 42.71,-73 09 03.9,O9 V,9,V,15.11,0.02,-0.23,0.02,Massey,-0.28,0,33560.63067,1779.813377,-3.268266667,0.3553643363,0.05024160229,0.01986758665,0.01965451333,0.01976104999,0.1369669719,0.05584494623,0.05361512699,0.05473003661,-4.004618135,0.06693017365,0.0664893742,0.06670977393,-7.269013279,0.3586077787,0.3566307764,0.3576192776,4.803605311,0.1426523106,0.1434431115,0.143047711,63621.70624,24738.68356,17895.81279,21317.24817,23.7,0.16,5.01E+23,1.85E+23,1.70E+48,9.13E+47,48.22964505,0.2335596267
01 24 51.21,-73 27 01.8,O9 III,9,III,14.36,0.01,-0.21,0.01,Massey,-0.26,0,32106.2006,1331.192051,-3.1657,0.09323094424,0.04999304171,0.009740788875,0.009908094549,0.009824441712,0.1366116124,0.02805674451,0.02725518397,0.02765596424,-4.753833972,0.04329682065,0.0442133328,0.04375507673,-7.919382423,0.10143295,0.1032123205,0.1023226353,5.063752969,0.04128492821,0.04057318001,0.04092905411,115811.8422,11549.57927,10329.49378,10939.53653,23.53,0.14,3.39E+23,1.09E+23,2.49E+48,9.34E+47,48.3967575,0.1626748129
01 24 54.46,-73 09 11.1,O9 V:,9,V,15.44,0.02,-0.17,0.02,Massey,-0.28,0,33560.63067,1779.813377,-3.268266667,0.3553643363,0.1097086838,0.019330293,0.01983589404,0.01958309352,0.2987763233,0.05817396529,0.05316646796,0.05567021662,-3.836798203,0.06901956362,0.06909977176,0.06905966769,-7.107722868,0.3618938163,0.3550769812,0.3584853987,4.739089147,0.1420307925,0.1447575265,0.1433941595,54838.95207,21214.67659,15544.46488,18379.57074,23.7,0.16,5.01E+23,1.85E+23,1.46E+48,7.87E+47,48.16512889,0.2337719756
01 25 19.63,-73 17 12.2,O9 V,9,V,15.28,0.02,-0.29,0.02,Massey,-0.28,0,33560.63067,1779.813377,-3.268266667,0.3553643363,0,0.009842682607,0,0.004921341303,0,0.02724835112,0,0.01362417556,-3.705443971,0.04156432905,0.04492565904,0.04324499405,-6.973196594,0.3450545193,0.3538230221,0.3494387707,4.685278638,0.1415292088,0.1380218077,0.1397755083,48448.31061,18664.87456,13190.37907,15927.62681,23.7,0.16,5.01E+23,1.85E+23,1.29E+48,6.89E+47,48.11131838,0.2315699556
01 25 28.36,-73 24 16.3,O9 V,9,V,15.14,0.02,-0.23,0.02,Massey,-0.28,0,33560.63067,1779.813377,-3.268266667,0.3553643363,0.05017597511,0.01915532651,0.01968944865,0.01942238758,0.1373302097,0.05311069386,0.05411826087,0.05361447737,-3.974632783,0.06699822663,0.06639442938,0.06669632801,-7.248934066,0.3728248639,0.3587001279,0.3657624959,4.795573626,0.1434800512,0.1491299456,0.1463049984,62455.92311,24450.86057,18151.84139,21301.35098,23.7,0.16,5.01E+23,1.85E+23,1.67E+48,9.04E+47,48.22161336,0.2355686825
01 25 35.73,-73 11 10.9,O9.5 III,9.5,III,14.03,0.01,-0.21,0.01,Massey,-0.26,0,30634.32155,1322.743105,-3.0661,0.07856480504,0.04983009182,0.01013067962,0.009850156179,0.009990417902,0.1363066658,0.02800531145,0.02718711414,0.0275962128,-5.083802014,0.04420343021,0.04385327682,0.04402835351,-8.152658063,0.09166666604,0.08845836891,0.09006251747,5.157063225,0.03538334756,0.03666666642,0.03602500699,143569.8429,12186.79809,11623.74272,11905.27041,23.41,0.14,2.57E+23,8.29E+22,2.83E+48,1.06E+48,48.45159035,0.1628622231
01 26 35.29,-73 15 16.3,O9.7 Ib: + O9.7 III:,9.7,II,14.37,0.01,-0.25,0.01,Massey,-0.24,0,28463.1561,894.9732419,-2.7658,0.07564989535,0,0,0,0,0,0,0,0,-4.609589578,0.03437664815,0.03403035845,0.0342035033,-7.375652421,0.08405204112,0.0802786333,0.08216533721,4.846260968,0.03211145332,0.03362081645,0.03286613488,70187.69316,5386.309051,5228.570239,5307.439645,23.302,0.15,2.00E+23,6.92E+22,1.45E+48,5.43E+47,48.16048894,0.1629840377
01 27 04.31,-73 04 38.8,O9: IIIpe,9,III,14.22,0.01,-0.05,0.01,Massey,-0.26,0,32106.2006,1331.192051,-3.1657,0.09323094424,0.2102342509,0.009675286507,0.01013764048,0.009906463494,0.5750457974,0.0389559172,0.03820135851,0.03857863786,-5.332167719,0.05065493667,0.05245225864,0.05155359766,-8.498668185,0.106510745,0.1064105048,0.1064606249,5.295467274,0.04256420194,0.04260429802,0.04258424998,197454.6082,20332.15356,18450.50929,19391.33143,23.53,0.14,3.39E+23,1.09E+23,4.25E+48,1.60E+48,48.62847181,0.1630991283
01 28 07.16,-72 36 47.3,O9.5 III-V,9.5,IV,16.01,0.152,-0.187,0.163,Other,-0.26,0,30634.32155,1322.743105,-3.0661,0.07856480504,0.07063151208,0.1648418669,0.07063151208,0.1177366895,0.1920967686,0.4418934975,0.1920967686,0.3169951331,-3.186080146,0.2702589818,0.4452908892,0.3577749355,-6.257437631,0.2828825162,0.4495816276,0.3662320719,4.398975053,0.179832651,0.1131530065,0.1464928288,25059.65298,12855.05437,5747.884218,9301.469294,23.41,0.14,2.57E+23,8.29E+22,4.94E+47,2.46E+47,47.69350218,0.216070478
01 28 47.62,-73 18 22.9,O9.7 IV:,9.7,IV,15.03,0.02,-0.23,0.02,Massey,-0.26,0,30045.56993,1319.363527,-3.02626,0.07269834936,0.0299803371,0.01997222,0.02001026539,0.0199912427,0.082321146,0.05399997189,0.05513053074,0.05456525132,-4.028229057,0.06275674589,0.06609981135,0.06442827862,-7.056866351,0.09563430176,0.09609241857,0.09586336017,4.718746541,0.03843696743,0.0382537207,0.03834534407,52329.49462,4842.521573,4412.141554,4627.331564,23.362,0.14,2.30E+23,7.42E+22,9.98E+47,3.77E+47,47.99898495,0.1639801106
01 29 24.55,-73 33 16.3,O3 V((f*))z + OB,3,V,13.82,0.01,-0.23,0.01,Massey,-0.3,0,51223.17927,4637.580363,-4.463466667,0.4632148794,0.06995178857,0.009886029369,0.009576021163,0.009731025266,0.1918847219,0.02824442864,0.02807424972,0.02815933918,-5.348972544,0.04330161393,0.04460070126,0.0439511576,-9.805858985,0.4538153339,0.4553152955,0.4545653147,5.818343594,0.1821261182,0.1815261336,0.1818261259,658178.355,342903.7848,224849.6416,283876.7132,25.14,0.16,1.38E+25,5.09E+24,8.91E+49,5.92E+49,49.94983767,0.2887858219
01 30 16.63,-73 20 51.1,O8 V,8,V,15.45,0.02,-0.29,0.02,Massey,-0.28,0,36504.38877,2256.107874,-3.467466667,0.3733394268,0,0.009572178327,0,0.004786089164,0,0.02613762046,0,0.01306881023,-3.536054231,0.04108779192,0.04364955022,0.04236867107,-7.009088184,0.3771700148,0.3714416715,0.3743058432,4.699635274,0.1485766686,0.1508680059,0.1497223373,50076.65085,20427.05673,14695.88181,17561.46927,23.94,0.16,8.71E+23,3.21E+23,1.66E+48,9.32E+47,48.21961514,0.2440160404
01 30 43.10,-73 25 04.1,O7.5 V((fc))z,7.5,V,15.27,0.03,-0.26,0.03,Massey,-0.28,0,37976.26782,2494.255123,-3.567066667,0.3823269721,0.02027952887,0.02942931611,0.02027952887,0.02485442249,0.05552868543,0.0799461208,0.05552868543,0.06773740312,-3.766586536,0.06937958919,0.08842812455,0.07890385687,-7.346870779,0.4028478085,0.3947265272,0.3987871679,4.834748312,0.1578906109,0.1611391234,0.1595148671,68351.54214,29967.79076,21187.6987,25577.74473,24.06,0.16,1.15E+24,4.23E+23,2.55E+48,1.48E+48,48.40605938,0.2531067728
01 30 50.25,-73 22 58.9,O8.5 III,8.5,III,13.18,0.01,-0.19,0.01,Massey,-0.27,0,33578.07965,1339.640996,-3.2653,0.1078970834,0.07987510948,0.009912216844,0.00984808172,0.009880149282,0.2180722606,0.02975507149,0.0281128171,0.02893394429,-6.016810842,0.04475020553,0.04434223312,0.04454621932,-9.283244237,0.1185914549,0.1165452028,0.1175683289,5.609297695,0.04661808114,0.04743658196,0.04702733155,406722.0291,46087.72906,42084.71168,44086.22037,23.65,0.14,4.47E+23,1.44E+23,9.65E+48,3.62E+48,48.98443447,0.1631411206
01 31 27.98,-73 22 14.2,O7.5(f)np,7.5,V,13.54,0.01,-0.18,0.01,Massey,-0.28,0,37976.26782,2494.255123,-3.567066667,0.3823269721,0.09950590947,0.010003818,0.009602204511,0.009803011254,0.2726926561,0.0301351066,0.02937213376,0.02975362018,-5.709465731,0.04307822046,0.04597634316,0.04452728181,-9.277403025,0.3924356762,0.3940518547,0.3932437655,5.60696121,0.1576207419,0.1569742705,0.1572975062,404539.7579,177003.4096,122709.9402,149856.6749,24.06,0.16,1.15E+24,4.23E+23,1.51E+49,8.74E+48,49.17827228,0.2517152181
01 31 30.04,-73 21 38.0,O9.5 V,9.5,V,15.02,0.02,-0.25,0.02,Massey,-0.28,0,32088.75162,1541.666128,-3.168666667,0.3463767911,0.02957570994,0.02088872675,0.020328538,0.02060863237,0.08083412726,0.05777713414,0.05536838215,0.05657275815,-4.038791834,0.06543316201,0.06747426427,0.06645371314,-7.207689077,0.3469151184,0.3500205004,0.3484678094,4.779075631,0.1400082001,0.1387660474,0.1393871238,60127.84393,22873.25284,16445.13293,19659.19289,23.58,0.16,3.80E+23,1.40E+23,1.46E+48,7.64E+47,48.16302454,0.2280229198
01 31 04.14,-73 25 03.8,WO4 + O4 V,4,V,12.83,0.01,-0.16,0.01,Massey,-0.3,0,48279.42117,4161.285865,-4.264266667,0.4452397889,0.1399505826,0.01069131128,0.009976247341,0.01033377931,0.383412127,0.0344744045,0.03234450341,0.03340945395,-6.531055944,0.04743894124,0.04827691149,0.04785792636,-10.79086537,0.4455410957,0.4339497001,0.4397453979,6.212346146,0.17357988,0.1782164383,0.1758981592,1630595.15,801194.6172,548838.1599,675016.3885,24.9,0.16,7.94E+24,2.93E+24,1.61E+50,1.04E+50,50.20665812,0.280997039
01 03 25.23,-72 06 43.9,WN3:ha + O + O + O,,,12.323,0.04,-0.205,0.079,Other,,0,,,,0,,,,,,,,,,,,,,,,,,,,,,,,,,,,,,,,